file,sheet,n_samples,n_features,saturation_ratio,cross_sheet_phase_mae,phase_levels,phase_step_median,phase_coverage,effective_cycles,backward_ratio
2026_1_26_unpr_data_8b876032__Sub_10_Seg_1_Aligned.xlsx,ultr_右股直肌_1,172,50,0.07965116279069767,0.0,81.0,0.010000000000000009,0.8749999999999999,7.42885375494071,0.0
2026_1_26_unpr_data_8b876032__Sub_10_Seg_1_Aligned.xlsx,ultr_右腓肠肌_2,172,50,0.03511627906976744,0.0,81.0,0.010000000000000009,0.8749999999999999,7.42885375494071,0.0
2026_1_26_unpr_data_8b876032__Sub_11_Seg_1_Aligned.xlsx,ultr_右股直肌_1,162,50,0.08691358024691358,0.0,56.0,0.017315999999999998,0.8691605495953317,7.448051948051949,0.0
2026_1_26_unpr_data_8b876032__Sub_11_Seg_1_Aligned.xlsx,ultr_右腓肠肌_2,162,50,0.15753086419753087,0.0,56.0,0.017315999999999998,0.8691605495953317,7.448051948051949,0.0
2026_1_26_unpr_data_8b876032__Sub_12_Seg_1_Aligned.xlsx,ultr_右股直肌_1,187,50,0.08042780748663102,0.0,73.0,0.011363999999999999,0.8738939393939392,8.154545454545454,0.0
2026_1_26_unpr_data_8b876032__Sub_12_Seg_1_Aligned.xlsx,ultr_右腓肠肌_2,187,50,0.13037433155080214,0.0,73.0,0.011363999999999999,0.8738939393939392,8.154545454545454,0.0
2026_1_26_unpr_data_8b876032__Sub_13_Seg_1_Aligned.xlsx,ultr_右股直肌_1,171,50,0.08233918128654971,0.0,26.0,0.04347800000000002,0.8695652173913049,7.403726708074534,0.0
2026_1_26_unpr_data_8b876032__Sub_13_Seg_1_Aligned.xlsx,ultr_右腓肠肌_2,171,50,0.14140350877192984,0.0,26.0,0.04347800000000002,0.8695652173913049,7.403726708074534,0.0
2026_1_26_unpr_data_8b876032__Sub_15_Seg_1_Aligned.xlsx,ultr_右股直肌_1,132,50,0.09090909090909091,0.0,21.0,0.047618999999999995,0.8571428571428575,6.238095238095237,0.0
2026_1_26_unpr_data_8b876032__Sub_15_Seg_1_Aligned.xlsx,ultr_右腓肠肌_2,132,50,0.1559090909090909,0.0,21.0,0.047618999999999995,0.8571428571428575,6.238095238095237,0.0
2026_1_26_unpr_data_8b876032__Sub_16_Seg_1_Aligned.xlsx,ultr_右股直肌_1,190,50,0.0843157894736842,0.0,61.0,0.014493000000000006,0.8695652173913047,8.228260869565217,0.0
2026_1_26_unpr_data_8b876032__Sub_16_Seg_1_Aligned.xlsx,ultr_右腓肠肌_2,190,50,0.15010526315789474,0.0,61.0,0.014493000000000006,0.8695652173913047,8.228260869565217,0.0
2026_1_26_unpr_data_8b876032__Sub_17_Seg_1_Aligned.xlsx,ultr_右股直肌_1,174,50,0.08114942528735632,0.0,44.0,0.022726999999999997,0.8649621212121225,7.772727272727273,0.0
2026_1_26_unpr_data_8b876032__Sub_17_Seg_1_Aligned.xlsx,ultr_右腓肠肌_2,174,50,0.152183908045977,0.0,44.0,0.022726999999999997,0.8649621212121225,7.772727272727273,0.0
2026_1_26_unpr_data_8b876032__Sub_18_Seg_1_Aligned.xlsx,ultr_右股直肌_1,145,50,0.0846896551724138,0.0,20.0,0.05555500000000002,0.9233333333333325,7.98888888888889,0.0
2026_1_26_unpr_data_8b876032__Sub_18_Seg_1_Aligned.xlsx,ultr_右腓肠肌_2,145,50,0.1550344827586207,0.0,20.0,0.05555500000000002,0.9233333333333325,7.98888888888889,0.0
2026_1_26_unpr_data_8b876032__Sub_19_Seg_1_Aligned.xlsx,ultr_右股直肌_1,149,50,0.09087248322147651,0.0,21.0,0.047618999999999995,0.8571428571428575,7.047619047619047,0.0
2026_1_26_unpr_data_8b876032__Sub_19_Seg_1_Aligned.xlsx,ultr_右腓肠肌_2,149,50,0.16174496644295303,0.0,21.0,0.047618999999999995,0.8571428571428575,7.047619047619047,0.0
2026_1_26_unpr_data_8b876032__Sub_21_Seg_1_Aligned.xlsx,ultr_右股直肌_1,141,50,0.09517730496453901,0.0,18.0,0.05555599999999994,0.8333333333333338,7.777777777777778,0.0
2026_1_26_unpr_data_8b876032__Sub_21_Seg_1_Aligned.xlsx,ultr_右腓肠肌_2,141,50,0.12397163120567375,0.0,18.0,0.05555599999999994,0.8333333333333338,7.777777777777778,0.0
2026_1_26_unpr_data_8b876032__Sub_22_Seg_1_Aligned.xlsx,ultr_右股直肌_1,173,50,0.09502890173410404,0.0,49.0,0.020000000000000018,0.8799999999999999,6.923478260869566,0.0
2026_1_26_unpr_data_8b876032__Sub_22_Seg_1_Aligned.xlsx,ultr_右腓肠肌_2,173,50,0.13109826589595375,0.0,49.0,0.020000000000000018,0.8799999999999999,6.923478260869566,0.0
2026_1_26_unpr_data_8b876032__Sub_24_Seg_1_Aligned.xlsx,ultr_右股直肌_1,174,50,0.0906896551724138,0.0,72.0,0.012307999999999986,0.8778333333333334,7.056666666666667,0.0
2026_1_26_unpr_data_8b876032__Sub_24_Seg_1_Aligned.xlsx,ultr_右腓肠肌_2,174,50,0.1474712643678161,0.0,72.0,0.012307999999999986,0.8778333333333334,7.056666666666667,0.0
2026_1_26_unpr_data_8b876032__Sub_26_Seg_1_Aligned.xlsx,ultr_右股直肌_1,156,50,0.0882051282051282,0.0,24.0,0.045454000000000105,0.8779644268774709,7.041501976284586,0.0
2026_1_26_unpr_data_8b876032__Sub_26_Seg_1_Aligned.xlsx,ultr_右腓肠肌_2,156,50,0.145,0.0,24.0,0.045454000000000105,0.8779644268774709,7.041501976284586,0.0
2026_1_26_unpr_data_8b876032__Sub_28_Seg_1_Aligned.xlsx,ultr_右股直肌_1,144,50,0.09194444444444444,0.0,53.0,0.018333000000000016,0.8750000000000007,5.925724637681157,0.0
2026_1_26_unpr_data_8b876032__Sub_28_Seg_1_Aligned.xlsx,ultr_右腓肠肌_2,144,50,0.15361111111111111,0.0,53.0,0.018333000000000016,0.8750000000000007,5.925724637681157,0.0
2026_1_26_unpr_data_8b876032__Sub_30_Seg_1_Aligned.xlsx,ultr_右股直肌_1,173,50,0.08774566473988439,0.0,42.0,0.023809999999999998,0.8610389610389614,8.123376623376622,0.0
2026_1_26_unpr_data_8b876032__Sub_30_Seg_1_Aligned.xlsx,ultr_右腓肠肌_2,173,50,0.14658959537572255,0.0,42.0,0.023809999999999998,0.8610389610389614,8.123376623376622,0.0
2026_1_26_unpr_data_8b876032__Sub_8_Seg_1_Aligned.xlsx,ultr_右股直肌_1,150,50,0.07893333333333333,0.0,26.0,0.04,0.8799999999999999,5.961666666666666,0.0
2026_1_26_unpr_data_8b876032__Sub_8_Seg_1_Aligned.xlsx,ultr_右腓肠肌_2,150,50,0.037333333333333336,0.0,26.0,0.04,0.8799999999999999,5.961666666666666,0.0
2026_1_26_unpr_data_8b876032__Sub_9_Seg_1_Aligned.xlsx,ultr_右股直肌_1,175,50,0.07577142857142857,0.0,52.0,0.018518999999999952,0.888888888888889,6.648148148148147,0.0
2026_1_26_unpr_data_8b876032__Sub_9_Seg_1_Aligned.xlsx,ultr_右腓肠肌_2,175,50,0.03988571428571429,0.0,52.0,0.018518999999999952,0.888888888888889,6.648148148148147,0.0
raw_data_a4ef56fc__Sub_10_Seg_1_Aligned.xlsx,ultr_右腓肠肌_2,94,50,0.010851063829787235,0.0,21.0,0.047618999999999995,0.8571428571428574,4.428571428571428,0.0
raw_data_a4ef56fc__Sub_10_Seg_1_Aligned.xlsx,ultr_右股直肌_3,94,50,0.013829787234042552,0.0,21.0,0.047618999999999995,0.8571428571428574,4.428571428571428,0.0
raw_data_a4ef56fc__Sub_11_Seg_1_Aligned.xlsx,ultr_右腓肠肌_2,92,50,0.011739130434782608,0.0,21.0,0.047618999999999995,0.8571428571428573,4.333333333333333,0.0
raw_data_a4ef56fc__Sub_11_Seg_1_Aligned.xlsx,ultr_右股直肌_3,92,50,0.022391304347826088,0.0,21.0,0.047618999999999995,0.8571428571428573,4.333333333333333,0.0
raw_data_a4ef56fc__Sub_11_Seg_2_Aligned.xlsx,ultr_右腓肠肌_2,108,50,0.010555555555555556,0.0,20.0,0.04999999999999999,0.8500000000000006,5.349999999999999,0.0
raw_data_a4ef56fc__Sub_11_Seg_2_Aligned.xlsx,ultr_右股直肌_3,108,50,0.01888888888888889,0.0,20.0,0.04999999999999999,0.8500000000000006,5.349999999999999,0.0
raw_data_a4ef56fc__Sub_18_Seg_1_Aligned.xlsx,ultr_右腓肠肌_2,200,50,0.0094,0.0,80.0,0.009804000000000035,0.8755952380952386,8.976190476190474,0.0
raw_data_a4ef56fc__Sub_18_Seg_1_Aligned.xlsx,ultr_右股直肌_3,200,50,0.1735,0.0,80.0,0.009804000000000035,0.8755952380952386,8.976190476190474,0.0
raw_data_a4ef56fc__Sub_19_Seg_1_Aligned.xlsx,ultr_右腓肠肌_2,200,50,0.0107,0.0,67.0,0.011904999999999999,0.8751666666666674,8.693333333333332,0.0
raw_data_a4ef56fc__Sub_19_Seg_1_Aligned.xlsx,ultr_右股直肌_3,200,50,0.1821,0.0,67.0,0.011904999999999999,0.8751666666666674,8.693333333333332,0.0
raw_data_a4ef56fc__Sub_20_Seg_1_Aligned.xlsx,ultr_右腓肠肌_2,159,50,0.013333333333333334,0.0,62.0,0.014285999999999965,0.8776086956521741,7.08695652173913,0.0
raw_data_a4ef56fc__Sub_20_Seg_1_Aligned.xlsx,ultr_右股直肌_3,159,50,0.15245283018867925,0.0,62.0,0.014285999999999965,0.8776086956521741,7.08695652173913,0.0
raw_data_a4ef56fc__Sub_21_Seg_1_Aligned.xlsx,ultr_右腓肠肌_2,198,50,0.013232323232323233,0.0,64.0,0.013834000000000013,0.8645256916996047,9.190476190476192,0.0
raw_data_a4ef56fc__Sub_21_Seg_1_Aligned.xlsx,ultr_右股直肌_3,198,50,0.12212121212121212,0.0,64.0,0.013834000000000013,0.8645256916996047,9.190476190476192,0.0
raw_data_a4ef56fc__Sub_23_Seg_1_Aligned.xlsx,ultr_右腓肠肌_2,195,50,0.012,0.0,80.0,0.010352000000000028,0.8910485933503831,9.274891774891774,0.0
raw_data_a4ef56fc__Sub_23_Seg_1_Aligned.xlsx,ultr_右股直肌_3,195,50,0.1395897435897436,0.0,80.0,0.010352000000000028,0.8910485933503831,9.274891774891774,0.0
raw_data_a4ef56fc__Sub_25_Seg_1_Aligned.xlsx,ultr_右腓肠肌_2,160,50,0.0115,0.0,49.0,0.016976999999999992,0.8737060041407861,7.490476190476189,0.0
raw_data_a4ef56fc__Sub_25_Seg_1_Aligned.xlsx,ultr_右股直肌_3,160,50,0.143,0.0,49.0,0.016976999999999992,0.8737060041407861,7.490476190476189,0.0
