Feat_1,Feat_2,Feat_3,Feat_4,Feat_5,Feat_6,Feat_7,Feat_8,Feat_9,Feat_10,Feat_11,Feat_12,Feat_13,Feat_14,Feat_15,Feat_16,Feat_17,Feat_18,Feat_19,Feat_20,Feat_21,Feat_22,Feat_23,Feat_24,Feat_25,Feat_26,Feat_27,Feat_28,Feat_29,Feat_30,Feat_31,Feat_32,Feat_33,Feat_34,Feat_35,Feat_36,Feat_37,Feat_38,Feat_39,Feat_40,Feat_41,Feat_42,Feat_43,Feat_44,Feat_45,Feat_46,Feat_47,Feat_48,Feat_49,Feat_50,Feat_51,Feat_52,Feat_53,Feat_54,Feat_55,Feat_56,Feat_57,Feat_58,Feat_59,Feat_60,Feat_61,Feat_62,Feat_63,Feat_64,Feat_65,Feat_66,Feat_67,Feat_68,Feat_69,Feat_70,Feat_71,Feat_72,Feat_73,Feat_74,Feat_75,Feat_76,Feat_77,Feat_78,Feat_79,Feat_80,Feat_81,Feat_82,Feat_83,Feat_84,Feat_85,Feat_86,Feat_87,Feat_88,Feat_89,Feat_90,Feat_91,Feat_92,Feat_93,Feat_94,Feat_95,Feat_96,Feat_97,Feat_98,Feat_99,Feat_100,Label_Sin,Label_Cos
55.0,55.0,55.0,55.0,55.0,81.0,105.0,154.0,203.0,192.0,141.0,98.0,76.0,56.0,55.0,55.0,55.0,56.0,124.0,186.0,205.0,205.0,187.0,153.0,123.0,105.0,93.0,86.0,86.0,96.0,116.0,135.0,147.0,152.0,152.0,149.0,143.0,136.0,131.0,128.0,129.0,133.0,137.0,140.0,139.0,140.0,142.0,144.0,144.0,143.0,151.0,111.0,103.0,124.0,138.0,139.0,117.0,103.0,103.0,103.0,106.0,116.0,128.0,135.0,145.0,148.0,147.0,141.0,129.0,105.0,84.0,74.0,83.0,115.0,163.0,203.0,205.0,205.0,156.0,100.0,60.0,55.0,80.0,122.0,157.0,170.0,160.0,138.0,120.0,110.0,109.0,112.0,116.0,119.0,120.0,121.0,122.0,124.0,126.0,128.0,0.6427876096865415,0.7660444431189762
117.0,169.0,122.0,149.0,91.0,126.0,124.0,176.0,164.0,171.0,157.0,141.0,108.0,102.0,107.0,95.0,103.0,133.0,156.0,159.0,169.0,163.0,139.0,114.0,102.0,95.0,98.0,109.0,127.0,141.0,152.0,149.0,141.0,129.0,122.0,118.0,121.0,122.0,124.0,127.0,129.0,130.0,129.0,126.0,124.0,124.0,124.0,124.0,123.0,123.0,151.0,130.0,129.0,133.0,123.0,123.0,122.0,129.0,125.0,125.0,137.0,147.0,149.0,140.0,119.0,95.0,95.0,105.0,110.0,117.0,133.0,149.0,167.0,190.0,197.0,166.0,109.0,55.0,55.0,55.0,55.0,156.0,205.0,205.0,205.0,158.0,111.0,89.0,92.0,106.0,120.0,123.0,118.0,112.0,112.0,117.0,124.0,130.0,132.0,132.0,0.8658719588488409,0.5002656802932528
106.0,149.0,82.0,100.0,55.0,78.0,83.0,116.0,98.0,119.0,129.0,126.0,114.0,111.0,107.0,103.0,130.0,169.0,188.0,177.0,162.0,137.0,113.0,102.0,100.0,95.0,99.0,117.0,145.0,164.0,171.0,159.0,141.0,122.0,111.0,106.0,109.0,114.0,121.0,129.0,136.0,140.0,142.0,144.0,146.0,149.0,149.0,148.0,146.0,144.0,147.0,154.0,137.0,118.0,98.0,107.0,122.0,123.0,113.0,102.0,107.0,124.0,154.0,174.0,173.0,153.0,133.0,114.0,102.0,106.0,116.0,116.0,121.0,145.0,175.0,196.0,193.0,160.0,109.0,76.0,78.0,110.0,146.0,167.0,149.0,108.0,73.0,63.0,75.0,99.0,125.0,140.0,143.0,139.0,136.0,138.0,145.0,149.0,147.0,138.0,0.9847010141925255,0.17425243943259908
101.0,55.0,55.0,55.0,75.0,184.0,187.0,148.0,126.0,122.0,100.0,68.0,55.0,55.0,55.0,58.0,158.0,200.0,205.0,196.0,168.0,135.0,114.0,100.0,91.0,89.0,95.0,111.0,128.0,142.0,147.0,148.0,144.0,138.0,130.0,124.0,121.0,122.0,126.0,129.0,133.0,135.0,137.0,140.0,144.0,145.0,144.0,143.0,143.0,145.0,205.0,142.0,87.0,91.0,96.0,126.0,102.0,91.0,111.0,136.0,146.0,142.0,139.0,137.0,145.0,130.0,102.0,75.0,69.0,84.0,123.0,168.0,199.0,205.0,186.0,140.0,93.0,63.0,60.0,88.0,134.0,178.0,198.0,188.0,151.0,104.0,68.0,59.0,78.0,115.0,152.0,172.0,171.0,154.0,133.0,118.0,111.0,111.0,114.0,118.0,0.984967165969481,-0.17274166249648354
132.0,75.0,112.0,146.0,117.0,157.0,143.0,169.0,158.0,173.0,116.0,113.0,105.0,113.0,88.0,104.0,120.0,129.0,143.0,176.0,181.0,154.0,133.0,122.0,108.0,100.0,102.0,106.0,114.0,125.0,139.0,146.0,150.0,144.0,136.0,127.0,123.0,117.0,119.0,120.0,122.0,124.0,126.0,126.0,125.0,124.0,123.0,124.0,124.0,124.0,160.0,103.0,99.0,98.0,123.0,134.0,142.0,140.0,152.0,131.0,105.0,82.0,92.0,112.0,118.0,120.0,128.0,147.0,178.0,205.0,195.0,138.0,65.0,55.0,55.0,55.0,73.0,200.0,205.0,205.0,205.0,156.0,125.0,112.0,102.0,87.0,73.0,71.0,90.0,125.0,159.0,177.0,175.0,157.0,134.0,119.0,117.0,124.0,132.0,131.0,0.8666383681809621,-0.4989368084203041
78.0,59.0,87.0,79.0,109.0,91.0,116.0,130.0,141.0,116.0,119.0,115.0,110.0,115.0,142.0,154.0,147.0,156.0,174.0,166.0,138.0,120.0,104.0,92.0,102.0,123.0,139.0,139.0,139.0,139.0,143.0,146.0,136.0,123.0,112.0,110.0,115.0,124.0,131.0,137.0,143.0,148.0,150.0,150.0,149.0,148.0,147.0,145.0,142.0,139.0,128.0,131.0,119.0,146.0,139.0,122.0,101.0,102.0,116.0,138.0,149.0,141.0,126.0,127.0,145.0,158.0,164.0,146.0,107.0,76.0,86.0,126.0,168.0,188.0,170.0,124.0,89.0,91.0,126.0,166.0,185.0,171.0,130.0,90.0,68.0,71.0,91.0,115.0,130.0,132.0,128.0,128.0,135.0,146.0,154.0,151.0,140.0,129.0,124.0,127.0,0.6439619970753536,-0.7650574790973044
153.0,129.0,77.0,55.0,55.0,55.0,73.0,98.0,114.0,133.0,176.0,196.0,186.0,156.0,132.0,122.0,131.0,151.0,162.0,148.0,120.0,105.0,103.0,106.0,112.0,120.0,129.0,141.0,152.0,158.0,153.0,140.0,121.0,106.0,96.0,96.0,101.0,111.0,124.0,135.0,144.0,146.0,147.0,147.0,148.0,148.0,146.0,142.0,137.0,134.0,136.0,95.0,90.0,102.0,107.0,119.0,127.0,131.0,137.0,124.0,107.0,99.0,98.0,101.0,108.0,116.0,124.0,134.0,147.0,155.0,152.0,133.0,103.0,73.0,57.0,62.0,97.0,147.0,195.0,205.0,205.0,205.0,161.0,94.0,55.0,55.0,55.0,65.0,157.0,199.0,205.0,189.0,156.0,124.0,104.0,97.0,99.0,103.0,106.0,105.0,0.3437493961299779,-0.9390614211329712
139.0,158.0,159.0,123.0,102.0,93.0,105.0,76.0,105.0,128.0,152.0,147.0,170.0,153.0,110.0,73.0,72.0,67.0,78.0,111.0,146.0,161.0,172.0,177.0,168.0,146.0,122.0,102.0,92.0,97.0,107.0,125.0,139.0,149.0,147.0,144.0,135.0,127.0,120.0,118.0,117.0,118.0,118.0,119.0,121.0,124.0,127.0,129.0,130.0,132.0,130.0,138.0,120.0,124.0,117.0,145.0,122.0,117.0,83.0,106.0,119.0,149.0,162.0,171.0,163.0,156.0,152.0,126.0,89.0,57.0,55.0,55.0,111.0,177.0,205.0,205.0,205.0,172.0,133.0,106.0,90.0,71.0,55.0,55.0,55.0,97.0,153.0,193.0,203.0,186.0,153.0,123.0,110.0,113.0,124.0,133.0,131.0,120.0,108.0,103.0,0.0021476568400055547,-0.9999976937823895
96.0,55.0,63.0,93.0,112.0,117.0,134.0,140.0,143.0,169.0,165.0,140.0,119.0,150.0,165.0,166.0,160.0,149.0,107.0,80.0,84.0,100.0,106.0,119.0,137.0,150.0,162.0,168.0,161.0,139.0,113.0,93.0,88.0,96.0,110.0,126.0,141.0,150.0,153.0,153.0,151.0,148.0,147.0,144.0,142.0,138.0,134.0,130.0,128.0,126.0,163.0,139.0,85.0,117.0,97.0,156.0,146.0,141.0,105.0,103.0,105.0,122.0,133.0,137.0,138.0,128.0,132.0,142.0,151.0,135.0,107.0,70.0,55.0,55.0,119.0,172.0,200.0,200.0,177.0,146.0,126.0,116.0,105.0,91.0,80.0,81.0,95.0,125.0,158.0,184.0,191.0,180.0,157.0,132.0,118.0,115.0,115.0,113.0,107.0,99.0,-0.33971267102370317,-0.9405292665015487
205.0,195.0,94.0,71.0,56.0,95.0,87.0,97.0,72.0,89.0,126.0,171.0,180.0,179.0,172.0,165.0,157.0,151.0,131.0,87.0,55.0,55.0,87.0,122.0,149.0,163.0,165.0,167.0,173.0,165.0,140.0,108.0,87.0,83.0,96.0,114.0,129.0,139.0,145.0,147.0,148.0,145.0,141.0,139.0,141.0,143.0,142.0,139.0,135.0,134.0,159.0,126.0,109.0,130.0,134.0,129.0,108.0,95.0,92.0,103.0,113.0,123.0,128.0,139.0,150.0,155.0,147.0,122.0,90.0,63.0,56.0,74.0,116.0,166.0,205.0,205.0,205.0,205.0,136.0,71.0,55.0,55.0,55.0,100.0,177.0,205.0,205.0,177.0,143.0,115.0,100.0,97.0,101.0,105.0,106.0,105.0,103.0,105.0,112.0,120.0,-0.6406699023388541,-0.7678164339457206
69.0,81.0,95.0,147.0,141.0,126.0,127.0,157.0,146.0,137.0,128.0,106.0,64.0,55.0,67.0,71.0,77.0,108.0,146.0,169.0,184.0,189.0,175.0,150.0,123.0,99.0,80.0,76.0,85.0,108.0,134.0,151.0,158.0,156.0,149.0,139.0,131.0,124.0,121.0,119.0,120.0,122.0,124.0,125.0,126.0,127.0,129.0,132.0,133.0,135.0,172.0,162.0,143.0,145.0,115.0,94.0,101.0,122.0,147.0,156.0,142.0,125.0,136.0,157.0,162.0,137.0,94.0,55.0,55.0,86.0,157.0,205.0,205.0,205.0,162.0,129.0,109.0,92.0,67.0,55.0,55.0,71.0,143.0,204.0,205.0,205.0,172.0,111.0,70.0,61.0,81.0,113.0,140.0,143.0,128.0,112.0,110.0,124.0,141.0,151.0,-0.8644872884072774,-0.5026546808518079
116.0,55.0,80.0,64.0,131.0,109.0,148.0,164.0,180.0,165.0,178.0,182.0,160.0,146.0,135.0,106.0,60.0,55.0,64.0,84.0,105.0,142.0,165.0,182.0,192.0,188.0,164.0,129.0,94.0,74.0,70.0,86.0,107.0,131.0,148.0,156.0,157.0,154.0,148.0,142.0,139.0,135.0,134.0,131.0,128.0,126.0,124.0,123.0,122.0,122.0,196.0,150.0,96.0,84.0,115.0,124.0,113.0,122.0,138.0,149.0,141.0,132.0,132.0,141.0,126.0,93.0,57.0,55.0,64.0,147.0,197.0,205.0,194.0,159.0,122.0,105.0,109.0,108.0,96.0,84.0,82.0,100.0,143.0,192.0,205.0,205.0,163.0,115.0,91.0,97.0,123.0,144.0,145.0,129.0,106.0,91.0,91.0,102.0,117.0,128.0,-0.9842161018706,-0.17697080216420072
55.0,88.0,148.0,123.0,167.0,168.0,205.0,202.0,204.0,149.0,89.0,55.0,55.0,55.0,86.0,142.0,181.0,205.0,205.0,205.0,190.0,132.0,87.0,56.0,55.0,55.0,87.0,123.0,156.0,176.0,178.0,166.0,144.0,123.0,112.0,113.0,116.0,121.0,125.0,130.0,135.0,138.0,136.0,132.0,130.0,127.0,128.0,128.0,128.0,125.0,142.0,86.0,55.0,83.0,110.0,134.0,120.0,117.0,122.0,121.0,107.0,83.0,71.0,79.0,103.0,122.0,138.0,149.0,160.0,168.0,163.0,132.0,85.0,55.0,55.0,55.0,69.0,187.0,205.0,205.0,205.0,205.0,134.0,64.0,55.0,55.0,55.0,71.0,157.0,195.0,205.0,190.0,161.0,130.0,106.0,93.0,90.0,93.0,98.0,102.0,-0.9854403976244578,0.17002124199567073
92.0,55.0,85.0,153.0,161.0,118.0,76.0,61.0,58.0,81.0,108.0,127.0,143.0,172.0,184.0,165.0,125.0,79.0,55.0,55.0,58.0,109.0,146.0,176.0,188.0,187.0,172.0,140.0,106.0,83.0,79.0,92.0,114.0,133.0,143.0,147.0,146.0,141.0,135.0,130.0,128.0,129.0,132.0,135.0,136.0,135.0,136.0,137.0,139.0,140.0,112.0,124.0,112.0,110.0,106.0,135.0,154.0,142.0,113.0,95.0,89.0,97.0,114.0,130.0,140.0,150.0,154.0,151.0,145.0,130.0,100.0,60.0,55.0,55.0,55.0,142.0,205.0,205.0,205.0,205.0,153.0,60.0,55.0,55.0,55.0,55.0,133.0,205.0,205.0,205.0,186.0,156.0,131.0,114.0,112.0,104.0,100.0,97.0,98.0,100.0,-0.8680127643660196,0.49654188231977064
72.0,131.0,149.0,205.0,205.0,205.0,178.0,130.0,55.0,55.0,55.0,55.0,55.0,122.0,194.0,205.0,205.0,205.0,168.0,107.0,72.0,55.0,55.0,81.0,122.0,145.0,158.0,162.0,160.0,150.0,139.0,125.0,118.0,117.0,120.0,123.0,126.0,126.0,124.0,125.0,125.0,125.0,125.0,124.0,125.0,126.0,128.0,129.0,131.0,132.0,132.0,98.0,105.0,122.0,123.0,115.0,126.0,128.0,137.0,117.0,104.0,100.0,106.0,111.0,119.0,123.0,130.0,154.0,172.0,167.0,156.0,137.0,101.0,68.0,64.0,83.0,111.0,149.0,184.0,200.0,195.0,179.0,153.0,119.0,86.0,65.0,65.0,87.0,117.0,138.0,143.0,135.0,123.0,115.0,116.0,125.0,133.0,139.0,141.0,137.0,-0.6460720736486021,0.7632764084205638
86.0,105.0,156.0,193.0,188.0,146.0,87.0,55.0,60.0,80.0,101.0,135.0,176.0,205.0,205.0,205.0,136.0,66.0,55.0,55.0,55.0,63.0,132.0,170.0,198.0,205.0,201.0,161.0,111.0,75.0,67.0,82.0,108.0,130.0,142.0,147.0,148.0,143.0,135.0,127.0,122.0,121.0,124.0,125.0,123.0,122.0,121.0,124.0,126.0,127.0,172.0,157.0,148.0,130.0,127.0,120.0,91.0,67.0,84.0,114.0,145.0,158.0,158.0,164.0,175.0,171.0,134.0,80.0,55.0,55.0,55.0,108.0,205.0,205.0,205.0,205.0,205.0,139.0,55.0,55.0,55.0,55.0,62.0,159.0,205.0,205.0,205.0,171.0,97.0,55.0,55.0,55.0,57.0,106.0,120.0,122.0,119.0,120.0,129.0,143.0,-0.3463410893689867,0.9381086556549318
97.0,55.0,55.0,55.0,82.0,97.0,121.0,157.0,180.0,201.0,187.0,143.0,90.0,56.0,55.0,55.0,55.0,117.0,152.0,182.0,195.0,190.0,174.0,146.0,112.0,86.0,77.0,84.0,104.0,126.0,140.0,146.0,145.0,140.0,135.0,131.0,129.0,129.0,131.0,134.0,136.0,137.0,138.0,139.0,140.0,139.0,138.0,136.0,136.0,136.0,198.0,172.0,163.0,133.0,110.0,99.0,112.0,87.0,91.0,128.0,156.0,170.0,158.0,140.0,136.0,141.0,117.0,72.0,55.0,55.0,55.0,125.0,205.0,205.0,205.0,205.0,205.0,55.0,55.0,55.0,55.0,55.0,87.0,205.0,205.0,205.0,205.0,196.0,98.0,57.0,55.0,72.0,108.0,132.0,135.0,123.0,109.0,104.0,111.0,127.0,-0.004908913978261499,0.9999879512091904
188.0,139.0,142.0,55.0,55.0,55.0,55.0,77.0,140.0,175.0,185.0,199.0,201.0,158.0,84.0,55.0,55.0,55.0,55.0,114.0,169.0,189.0,196.0,189.0,164.0,136.0,107.0,89.0,84.0,94.0,109.0,128.0,139.0,143.0,142.0,138.0,131.0,125.0,122.0,121.0,123.0,129.0,127.0,124.0,123.0,126.0,134.0,137.0,135.0,131.0,183.0,126.0,111.0,125.0,109.0,96.0,92.0,98.0,130.0,137.0,130.0,120.0,148.0,172.0,179.0,160.0,127.0,85.0,63.0,77.0,108.0,143.0,160.0,169.0,171.0,171.0,167.0,143.0,99.0,61.0,56.0,93.0,152.0,195.0,190.0,136.0,68.0,55.0,55.0,56.0,147.0,190.0,201.0,184.0,155.0,131.0,122.0,126.0,132.0,131.0,0.33711431909010625,0.9414637198875027
205.0,185.0,148.0,92.0,65.0,65.0,81.0,91.0,123.0,166.0,205.0,205.0,205.0,148.0,77.0,55.0,55.0,55.0,55.0,124.0,162.0,194.0,205.0,205.0,169.0,118.0,79.0,66.0,78.0,103.0,127.0,141.0,146.0,147.0,143.0,136.0,128.0,123.0,121.0,123.0,124.0,123.0,122.0,121.0,123.0,126.0,127.0,126.0,125.0,125.0,146.0,111.0,114.0,112.0,131.0,132.0,139.0,133.0,118.0,122.0,113.0,105.0,94.0,94.0,99.0,128.0,161.0,191.0,205.0,205.0,187.0,151.0,108.0,64.0,55.0,55.0,55.0,99.0,202.0,205.0,205.0,205.0,205.0,76.0,55.0,55.0,55.0,56.0,93.0,95.0,91.0,91.0,101.0,122.0,145.0,163.0,171.0,170.0,164.0,160.0,0.6385473101163078,0.7695825704518182
111.0,162.0,99.0,123.0,139.0,134.0,128.0,83.0,70.0,55.0,80.0,101.0,150.0,161.0,185.0,166.0,149.0,114.0,78.0,55.0,55.0,56.0,98.0,144.0,181.0,195.0,194.0,179.0,147.0,113.0,92.0,85.0,91.0,109.0,126.0,139.0,146.0,148.0,143.0,140.0,133.0,128.0,125.0,125.0,126.0,128.0,130.0,131.0,133.0,135.0,149.0,93.0,73.0,111.0,121.0,142.0,130.0,125.0,112.0,100.0,80.0,80.0,99.0,120.0,140.0,152.0,163.0,181.0,190.0,167.0,114.0,61.0,55.0,55.0,55.0,71.0,199.0,205.0,205.0,205.0,205.0,116.0,55.0,55.0,55.0,55.0,55.0,117.0,162.0,178.0,175.0,161.0,146.0,132.0,126.0,125.0,125.0,124.0,121.0,117.0,0.8630960265648154,0.5050398488515806
158.0,72.0,55.0,88.0,154.0,174.0,164.0,157.0,136.0,108.0,86.0,56.0,55.0,55.0,55.0,101.0,179.0,205.0,193.0,167.0,156.0,138.0,115.0,98.0,83.0,79.0,102.0,136.0,156.0,158.0,149.0,136.0,129.0,130.0,132.0,132.0,131.0,128.0,127.0,126.0,123.0,121.0,124.0,128.0,133.0,135.0,136.0,137.0,140.0,144.0,168.0,114.0,88.0,101.0,128.0,141.0,131.0,109.0,100.0,119.0,157.0,181.0,171.0,131.0,90.0,68.0,78.0,111.0,134.0,131.0,120.0,126.0,157.0,198.0,205.0,194.0,119.0,55.0,55.0,55.0,56.0,147.0,185.0,189.0,165.0,134.0,114.0,115.0,130.0,141.0,139.0,126.0,111.0,106.0,112.0,122.0,126.0,123.0,119.0,119.0,0.983723685259219,0.17968781555804228
205.0,167.0,173.0,152.0,134.0,93.0,57.0,55.0,55.0,104.0,127.0,160.0,167.0,192.0,202.0,200.0,167.0,133.0,94.0,71.0,73.0,94.0,109.0,123.0,134.0,139.0,145.0,157.0,163.0,157.0,142.0,121.0,106.0,101.0,104.0,111.0,120.0,125.0,128.0,130.0,132.0,131.0,132.0,131.0,133.0,133.0,133.0,132.0,131.0,130.0,157.0,126.0,107.0,143.0,100.0,125.0,119.0,116.0,92.0,97.0,109.0,148.0,172.0,178.0,176.0,168.0,163.0,149.0,119.0,64.0,55.0,55.0,55.0,116.0,205.0,205.0,205.0,205.0,87.0,55.0,73.0,123.0,154.0,140.0,91.0,55.0,55.0,55.0,84.0,168.0,204.0,205.0,192.0,168.0,154.0,149.0,145.0,134.0,118.0,101.0,0.9859061156552317,-0.1672995251446131
165.0,60.0,64.0,55.0,63.0,99.0,159.0,152.0,180.0,151.0,148.0,115.0,81.0,55.0,55.0,55.0,55.0,98.0,143.0,168.0,183.0,192.0,174.0,148.0,128.0,115.0,103.0,101.0,102.0,108.0,116.0,128.0,138.0,147.0,150.0,147.0,141.0,137.0,131.0,126.0,124.0,124.0,126.0,128.0,130.0,134.0,135.0,136.0,138.0,140.0,167.0,145.0,122.0,115.0,120.0,104.0,101.0,90.0,108.0,122.0,145.0,146.0,152.0,154.0,149.0,128.0,106.0,74.0,55.0,55.0,55.0,138.0,202.0,205.0,205.0,205.0,136.0,71.0,55.0,55.0,55.0,73.0,153.0,184.0,188.0,171.0,148.0,130.0,123.0,122.0,125.0,125.0,122.0,117.0,113.0,107.0,104.0,105.0,110.0,117.0,0.8693805422698851,-0.49414317026801086
90.0,123.0,118.0,131.0,114.0,96.0,61.0,55.0,55.0,55.0,121.0,154.0,191.0,167.0,151.0,122.0,85.0,57.0,56.0,57.0,88.0,137.0,189.0,205.0,201.0,171.0,132.0,105.0,92.0,89.0,94.0,110.0,127.0,142.0,150.0,149.0,142.0,137.0,132.0,130.0,130.0,131.0,132.0,134.0,137.0,140.0,142.0,144.0,145.0,145.0,111.0,133.0,117.0,97.0,103.0,139.0,148.0,148.0,138.0,126.0,115.0,105.0,94.0,91.0,102.0,105.0,105.0,118.0,148.0,181.0,199.0,178.0,121.0,61.0,55.0,55.0,55.0,151.0,205.0,205.0,205.0,160.0,103.0,70.0,74.0,109.0,149.0,174.0,174.0,155.0,132.0,115.0,105.0,102.0,102.0,104.0,109.0,115.0,122.0,126.0,0.6481772241576741,-0.7614895180389893
136.0,79.0,55.0,66.0,140.0,138.0,178.0,147.0,164.0,146.0,184.0,154.0,145.0,119.0,117.0,92.0,101.0,120.0,121.0,112.0,129.0,147.0,148.0,156.0,158.0,142.0,123.0,117.0,111.0,105.0,107.0,114.0,125.0,138.0,142.0,143.0,138.0,137.0,134.0,136.0,135.0,135.0,133.0,133.0,133.0,131.0,129.0,125.0,123.0,123.0,186.0,154.0,111.0,128.0,142.0,153.0,147.0,137.0,130.0,128.0,120.0,118.0,126.0,125.0,119.0,112.0,106.0,115.0,146.0,162.0,146.0,116.0,96.0,93.0,118.0,164.0,191.0,173.0,119.0,61.0,55.0,55.0,89.0,189.0,205.0,205.0,205.0,153.0,106.0,87.0,92.0,104.0,113.0,111.0,106.0,104.0,110.0,119.0,129.0,140.0,0.34893014188323007,-0.9371487374399802
73.0,162.0,113.0,129.0,78.0,82.0,55.0,81.0,99.0,103.0,107.0,119.0,134.0,115.0,116.0,109.0,107.0,110.0,150.0,176.0,175.0,160.0,149.0,129.0,112.0,104.0,99.0,97.0,109.0,131.0,154.0,165.0,161.0,145.0,129.0,117.0,110.0,110.0,113.0,118.0,124.0,133.0,137.0,140.0,142.0,144.0,146.0,148.0,148.0,147.0,147.0,141.0,141.0,136.0,107.0,104.0,110.0,123.0,118.0,110.0,102.0,112.0,133.0,162.0,177.0,168.0,147.0,126.0,109.0,101.0,111.0,117.0,116.0,126.0,154.0,183.0,198.0,185.0,143.0,94.0,72.0,87.0,124.0,155.0,160.0,138.0,100.0,71.0,59.0,74.0,106.0,134.0,147.0,144.0,137.0,133.0,138.0,146.0,151.0,146.0,0.007670133687765724,-0.999970584091958
87.0,55.0,104.0,153.0,150.0,109.0,88.0,81.0,75.0,81.0,81.0,69.0,77.0,124.0,170.0,189.0,184.0,166.0,138.0,118.0,107.0,101.0,95.0,95.0,106.0,127.0,145.0,151.0,147.0,142.0,138.0,132.0,125.0,118.0,114.0,114.0,119.0,123.0,126.0,130.0,132.0,135.0,139.0,142.0,145.0,144.0,143.0,139.0,140.0,144.0,172.0,106.0,119.0,93.0,127.0,108.0,110.0,98.0,114.0,127.0,139.0,147.0,146.0,149.0,140.0,126.0,97.0,78.0,71.0,88.0,125.0,174.0,205.0,205.0,187.0,141.0,93.0,62.0,61.0,90.0,133.0,168.0,179.0,164.0,134.0,106.0,91.0,94.0,108.0,125.0,137.0,138.0,134.0,127.0,122.0,121.0,121.0,122.0,123.0,126.0,-0.33451339678264397,-0.9423909949553515
145.0,160.0,175.0,132.0,97.0,95.0,107.0,94.0,95.0,122.0,137.0,140.0,157.0,158.0,117.0,83.0,83.0,96.0,107.0,127.0,144.0,147.0,148.0,150.0,145.0,130.0,113.0,103.0,105.0,116.0,127.0,135.0,139.0,139.0,134.0,130.0,124.0,120.0,117.0,117.0,119.0,121.0,121.0,121.0,123.0,126.0,128.0,128.0,128.0,129.0,205.0,144.0,132.0,87.0,124.0,116.0,141.0,120.0,134.0,144.0,152.0,138.0,105.0,87.0,92.0,112.0,112.0,124.0,135.0,154.0,177.0,201.0,190.0,139.0,73.0,55.0,55.0,55.0,72.0,194.0,205.0,205.0,205.0,147.0,112.0,97.0,95.0,95.0,96.0,99.0,108.0,124.0,140.0,149.0,148.0,141.0,130.0,124.0,125.0,132.0,-0.6364198492030826,-0.7713428391709652
98.0,88.0,69.0,80.0,102.0,100.0,96.0,105.0,145.0,146.0,163.0,166.0,165.0,129.0,130.0,151.0,159.0,152.0,155.0,143.0,114.0,103.0,109.0,111.0,110.0,118.0,129.0,136.0,151.0,154.0,148.0,135.0,119.0,108.0,104.0,106.0,107.0,119.0,134.0,147.0,150.0,150.0,148.0,149.0,148.0,146.0,142.0,138.0,134.0,130.0,160.0,111.0,121.0,98.0,111.0,95.0,105.0,115.0,151.0,147.0,133.0,113.0,121.0,145.0,160.0,158.0,128.0,89.0,70.0,97.0,144.0,178.0,177.0,141.0,91.0,71.0,97.0,146.0,182.0,191.0,170.0,132.0,101.0,83.0,77.0,75.0,79.0,91.0,113.0,141.0,169.0,186.0,186.0,171.0,146.0,123.0,112.0,113.0,120.0,124.0,-0.8616981839294511,-0.5074211661063085
113.0,138.0,55.0,65.0,62.0,125.0,104.0,136.0,112.0,121.0,126.0,152.0,146.0,134.0,137.0,145.0,159.0,165.0,166.0,138.0,99.0,76.0,88.0,103.0,123.0,138.0,147.0,148.0,156.0,160.0,151.0,129.0,108.0,94.0,96.0,111.0,127.0,136.0,141.0,143.0,148.0,152.0,152.0,149.0,147.0,146.0,145.0,142.0,139.0,136.0,114.0,101.0,97.0,100.0,108.0,119.0,131.0,139.0,132.0,116.0,102.0,99.0,100.0,104.0,110.0,119.0,127.0,140.0,151.0,155.0,146.0,123.0,91.0,64.0,56.0,72.0,114.0,165.0,205.0,205.0,205.0,205.0,137.0,72.0,55.0,55.0,55.0,100.0,176.0,205.0,205.0,178.0,144.0,116.0,101.0,97.0,100.0,105.0,106.0,105.0,-0.9832237681129291,-0.18240345889761278
177.0,124.0,133.0,113.0,111.0,105.0,97.0,71.0,83.0,124.0,141.0,147.0,162.0,165.0,121.0,79.0,60.0,55.0,55.0,56.0,124.0,157.0,178.0,191.0,187.0,166.0,139.0,112.0,91.0,80.0,83.0,100.0,125.0,145.0,154.0,153.0,146.0,135.0,126.0,118.0,114.0,112.0,112.0,113.0,117.0,124.0,129.0,131.0,129.0,127.0,132.0,154.0,122.0,137.0,128.0,138.0,115.0,90.0,93.0,120.0,154.0,173.0,178.0,159.0,157.0,152.0,133.0,93.0,59.0,55.0,55.0,111.0,185.0,205.0,205.0,205.0,170.0,126.0,104.0,88.0,66.0,55.0,55.0,55.0,87.0,169.0,205.0,205.0,201.0,147.0,104.0,86.0,94.0,117.0,135.0,139.0,128.0,115.0,108.0,115.0,-0.9863643165108226,0.16457653269569728
73.0,55.0,67.0,94.0,113.0,110.0,121.0,165.0,178.0,172.0,167.0,182.0,164.0,149.0,134.0,106.0,64.0,55.0,76.0,100.0,118.0,138.0,156.0,166.0,175.0,175.0,157.0,125.0,94.0,78.0,80.0,95.0,113.0,130.0,142.0,147.0,148.0,146.0,143.0,139.0,137.0,136.0,136.0,134.0,131.0,128.0,126.0,124.0,122.0,121.0,205.0,138.0,81.0,86.0,112.0,162.0,144.0,107.0,92.0,106.0,128.0,132.0,133.0,126.0,128.0,130.0,140.0,144.0,135.0,111.0,82.0,59.0,57.0,98.0,150.0,182.0,190.0,180.0,157.0,135.0,126.0,120.0,113.0,105.0,99.0,94.0,97.0,113.0,141.0,172.0,193.0,196.0,181.0,157.0,134.0,117.0,105.0,95.0,89.0,87.0,-0.8707416914635981,0.4917406905545972
135.0,88.0,55.0,55.0,96.0,134.0,146.0,152.0,169.0,189.0,199.0,187.0,149.0,85.0,55.0,55.0,55.0,102.0,135.0,156.0,165.0,172.0,179.0,170.0,142.0,109.0,88.0,85.0,97.0,113.0,126.0,135.0,140.0,141.0,140.0,136.0,131.0,131.0,133.0,135.0,135.0,132.0,130.0,130.0,131.0,131.0,129.0,126.0,125.0,126.0,165.0,101.0,94.0,89.0,115.0,100.0,91.0,108.0,123.0,137.0,139.0,144.0,145.0,146.0,119.0,86.0,57.0,55.0,75.0,125.0,173.0,205.0,205.0,205.0,177.0,123.0,69.0,55.0,55.0,55.0,140.0,203.0,205.0,205.0,159.0,100.0,68.0,70.0,99.0,134.0,153.0,150.0,130.0,109.0,97.0,98.0,107.0,117.0,123.0,126.0,-0.6502774325513146,0.7596968215771805
90.0,70.0,121.0,150.0,163.0,160.0,161.0,123.0,88.0,62.0,55.0,55.0,55.0,96.0,158.0,184.0,198.0,194.0,172.0,144.0,113.0,86.0,72.0,75.0,94.0,120.0,141.0,152.0,154.0,151.0,142.0,132.0,124.0,120.0,119.0,120.0,121.0,123.0,124.0,126.0,128.0,131.0,133.0,133.0,135.0,136.0,138.0,138.0,139.0,139.0,187.0,108.0,72.0,84.0,141.0,162.0,145.0,120.0,117.0,121.0,131.0,118.0,94.0,77.0,72.0,88.0,135.0,185.0,205.0,192.0,149.0,102.0,78.0,78.0,78.0,69.0,63.0,68.0,98.0,160.0,205.0,205.0,205.0,205.0,107.0,55.0,55.0,55.0,56.0,140.0,174.0,173.0,152.0,132.0,126.0,130.0,136.0,135.0,129.0,122.0,-0.3515165339321844,0.9361816738071214
114.0,120.0,76.0,116.0,84.0,153.0,115.0,165.0,181.0,205.0,188.0,191.0,139.0,77.0,55.0,55.0,55.0,55.0,96.0,175.0,205.0,205.0,205.0,186.0,145.0,103.0,74.0,55.0,59.0,86.0,125.0,154.0,168.0,162.0,152.0,140.0,133.0,128.0,126.0,124.0,123.0,124.0,125.0,124.0,123.0,121.0,121.0,122.0,124.0,124.0,125.0,96.0,110.0,146.0,160.0,136.0,142.0,139.0,125.0,114.0,109.0,115.0,118.0,103.0,84.0,88.0,111.0,151.0,182.0,178.0,144.0,119.0,109.0,109.0,126.0,145.0,135.0,107.0,88.0,88.0,108.0,148.0,187.0,202.0,192.0,172.0,154.0,141.0,131.0,118.0,94.0,70.0,58.0,62.0,85.0,111.0,129.0,134.0,137.0,140.0,-0.010431294915291735,0.9999455925631106
141.0,145.0,64.0,121.0,151.0,205.0,186.0,158.0,107.0,67.0,68.0,74.0,95.0,118.0,167.0,200.0,205.0,205.0,165.0,96.0,55.0,55.0,55.0,55.0,117.0,157.0,189.0,203.0,196.0,168.0,127.0,94.0,79.0,87.0,105.0,124.0,136.0,142.0,145.0,144.0,137.0,130.0,124.0,124.0,126.0,127.0,125.0,124.0,123.0,125.0,205.0,123.0,73.0,72.0,96.0,117.0,121.0,115.0,117.0,133.0,125.0,117.0,98.0,86.0,80.0,89.0,99.0,119.0,141.0,156.0,164.0,164.0,158.0,132.0,96.0,57.0,55.0,55.0,82.0,179.0,205.0,205.0,205.0,205.0,96.0,55.0,55.0,55.0,56.0,148.0,190.0,195.0,172.0,138.0,111.0,98.0,96.0,100.0,105.0,109.0,0.3319099239323261,0.943311084634988
147.0,140.0,172.0,130.0,84.0,55.0,55.0,55.0,55.0,68.0,148.0,186.0,205.0,205.0,172.0,111.0,55.0,55.0,55.0,55.0,91.0,154.0,185.0,193.0,186.0,171.0,143.0,110.0,86.0,81.0,92.0,111.0,130.0,139.0,142.0,138.0,131.0,125.0,121.0,119.0,121.0,124.0,127.0,130.0,132.0,134.0,136.0,138.0,138.0,137.0,107.0,78.0,98.0,112.0,124.0,119.0,124.0,139.0,142.0,124.0,103.0,91.0,91.0,106.0,125.0,139.0,148.0,156.0,152.0,143.0,131.0,109.0,72.0,55.0,55.0,55.0,102.0,205.0,205.0,205.0,205.0,205.0,71.0,55.0,55.0,55.0,55.0,110.0,195.0,205.0,205.0,194.0,164.0,137.0,118.0,106.0,102.0,102.0,103.0,101.0,0.6342875358202238,0.7730972266818115
165.0,120.0,107.0,67.0,55.0,55.0,55.0,55.0,70.0,192.0,205.0,205.0,205.0,186.0,118.0,55.0,55.0,55.0,55.0,55.0,81.0,175.0,204.0,205.0,205.0,178.0,141.0,110.0,87.0,74.0,74.0,89.0,112.0,134.0,143.0,145.0,140.0,130.0,122.0,116.0,115.0,117.0,120.0,122.0,125.0,127.0,129.0,132.0,134.0,135.0,96.0,111.0,119.0,124.0,113.0,133.0,134.0,140.0,112.0,101.0,99.0,108.0,114.0,127.0,123.0,126.0,148.0,169.0,171.0,161.0,139.0,101.0,67.0,64.0,84.0,114.0,151.0,184.0,200.0,195.0,181.0,152.0,114.0,80.0,65.0,70.0,92.0,119.0,138.0,141.0,133.0,121.0,114.0,116.0,125.0,133.0,139.0,141.0,137.0,132.0,0.8602937711591775,0.5097986144593969
138.0,83.0,55.0,68.0,86.0,101.0,129.0,172.0,205.0,205.0,205.0,139.0,68.0,55.0,55.0,55.0,61.0,130.0,168.0,197.0,205.0,202.0,163.0,112.0,75.0,66.0,81.0,107.0,130.0,142.0,147.0,147.0,143.0,135.0,127.0,122.0,121.0,123.0,125.0,123.0,122.0,121.0,124.0,126.0,127.0,126.0,125.0,126.0,128.0,130.0,176.0,160.0,126.0,124.0,116.0,95.0,71.0,82.0,109.0,140.0,157.0,159.0,163.0,174.0,172.0,137.0,85.0,55.0,55.0,55.0,90.0,205.0,205.0,205.0,205.0,205.0,205.0,55.0,55.0,55.0,55.0,57.0,147.0,205.0,205.0,205.0,196.0,103.0,55.0,55.0,55.0,55.0,103.0,119.0,121.0,119.0,128.0,130.0,139.0,149.0,0.9827163542433979,0.1851177114772236
161.0,125.0,91.0,98.0,104.0,85.0,61.0,56.0,86.0,125.0,163.0,181.0,175.0,150.0,129.0,95.0,60.0,55.0,55.0,55.0,62.0,149.0,191.0,205.0,205.0,185.0,147.0,118.0,99.0,88.0,85.0,93.0,108.0,129.0,146.0,155.0,156.0,150.0,142.0,133.0,128.0,124.0,123.0,125.0,128.0,131.0,133.0,134.0,136.0,137.0,179.0,146.0,94.0,95.0,116.0,105.0,120.0,135.0,147.0,153.0,136.0,115.0,107.0,104.0,81.0,64.0,60.0,79.0,124.0,185.0,205.0,205.0,205.0,162.0,91.0,55.0,55.0,55.0,55.0,59.0,153.0,205.0,205.0,205.0,205.0,205.0,55.0,55.0,55.0,56.0,114.0,131.0,127.0,113.0,101.0,102.0,114.0,130.0,144.0,150.0,0.9868149966976342,-0.16185228541064334
55.0,79.0,148.0,172.0,167.0,160.0,138.0,110.0,86.0,56.0,55.0,55.0,55.0,88.0,175.0,205.0,195.0,169.0,157.0,139.0,117.0,99.0,84.0,77.0,99.0,133.0,155.0,159.0,149.0,136.0,129.0,130.0,131.0,132.0,131.0,128.0,127.0,126.0,123.0,120.0,123.0,128.0,133.0,135.0,136.0,137.0,140.0,143.0,145.0,145.0,145.0,113.0,110.0,111.0,109.0,115.0,121.0,129.0,126.0,112.0,108.0,127.0,143.0,141.0,134.0,128.0,120.0,120.0,127.0,125.0,113.0,105.0,111.0,128.0,148.0,161.0,148.0,108.0,76.0,78.0,122.0,183.0,205.0,205.0,134.0,59.0,55.0,55.0,56.0,149.0,189.0,193.0,171.0,143.0,123.0,119.0,127.0,134.0,131.0,119.0,0.8720962015689511,-0.4893344614974583
133.0,192.0,146.0,205.0,164.0,177.0,96.0,73.0,55.0,55.0,80.0,118.0,138.0,158.0,177.0,199.0,205.0,182.0,151.0,118.0,93.0,77.0,87.0,99.0,110.0,122.0,130.0,134.0,147.0,159.0,162.0,153.0,138.0,118.0,105.0,101.0,104.0,111.0,119.0,124.0,127.0,130.0,131.0,132.0,132.0,132.0,132.0,132.0,132.0,131.0,153.0,121.0,125.0,107.0,135.0,128.0,147.0,137.0,115.0,117.0,108.0,107.0,96.0,99.0,100.0,134.0,168.0,199.0,205.0,205.0,180.0,143.0,102.0,60.0,55.0,55.0,55.0,132.0,205.0,205.0,205.0,205.0,205.0,55.0,55.0,55.0,55.0,99.0,105.0,92.0,79.0,78.0,95.0,123.0,149.0,167.0,174.0,171.0,167.0,163.0,0.6523726828162985,-0.7578983327037111
55.0,68.0,55.0,106.0,94.0,144.0,145.0,183.0,159.0,152.0,118.0,79.0,55.0,55.0,55.0,55.0,99.0,144.0,173.0,187.0,196.0,176.0,148.0,126.0,112.0,100.0,99.0,101.0,108.0,118.0,132.0,141.0,150.0,150.0,147.0,140.0,135.0,129.0,126.0,124.0,125.0,126.0,129.0,131.0,133.0,136.0,138.0,139.0,140.0,141.0,168.0,119.0,64.0,80.0,115.0,141.0,133.0,124.0,121.0,118.0,107.0,84.0,80.0,93.0,114.0,135.0,158.0,170.0,182.0,188.0,167.0,117.0,66.0,55.0,55.0,55.0,73.0,191.0,205.0,205.0,205.0,205.0,143.0,55.0,55.0,55.0,55.0,55.0,102.0,159.0,177.0,176.0,163.0,147.0,133.0,126.0,125.0,126.0,125.0,122.0,0.3541002457955575,-0.9352074721298616
55.0,92.0,138.0,168.0,127.0,90.0,63.0,55.0,55.0,56.0,93.0,128.0,180.0,186.0,164.0,131.0,99.0,63.0,57.0,73.0,93.0,127.0,171.0,197.0,198.0,179.0,145.0,108.0,87.0,82.0,94.0,114.0,134.0,146.0,151.0,147.0,139.0,132.0,129.0,128.0,128.0,131.0,134.0,137.0,138.0,141.0,143.0,145.0,145.0,145.0,128.0,100.0,111.0,140.0,157.0,144.0,123.0,121.0,132.0,131.0,122.0,106.0,88.0,87.0,113.0,146.0,165.0,166.0,154.0,132.0,112.0,102.0,90.0,71.0,63.0,86.0,139.0,200.0,205.0,205.0,155.0,87.0,55.0,55.0,88.0,148.0,187.0,194.0,173.0,138.0,112.0,105.0,114.0,126.0,130.0,123.0,113.0,110.0,115.0,124.0,0.013192376607990912,-0.9999129768131989
130.0,93.0,99.0,65.0,98.0,115.0,147.0,173.0,168.0,158.0,147.0,166.0,154.0,143.0,117.0,98.0,85.0,116.0,143.0,143.0,131.0,130.0,122.0,124.0,138.0,143.0,131.0,122.0,118.0,120.0,125.0,125.0,123.0,122.0,123.0,124.0,129.0,132.0,134.0,137.0,140.0,139.0,137.0,134.0,132.0,131.0,130.0,127.0,124.0,121.0,170.0,129.0,108.0,120.0,125.0,104.0,104.0,104.0,103.0,99.0,96.0,113.0,156.0,197.0,205.0,205.0,175.0,137.0,102.0,72.0,55.0,55.0,55.0,94.0,185.0,205.0,205.0,205.0,205.0,55.0,55.0,55.0,89.0,120.0,112.0,74.0,55.0,55.0,55.0,117.0,175.0,204.0,205.0,187.0,165.0,152.0,156.0,150.0,138.0,119.0,-0.3293039203896875,-0.9442239819110625
132.0,67.0,105.0,121.0,137.0,103.0,71.0,55.0,55.0,88.0,99.0,100.0,111.0,131.0,128.0,125.0,116.0,97.0,76.0,89.0,122.0,147.0,160.0,164.0,158.0,148.0,140.0,129.0,114.0,103.0,103.0,113.0,129.0,143.0,148.0,146.0,140.0,132.0,126.0,122.0,120.0,121.0,126.0,130.0,136.0,139.0,142.0,145.0,148.0,149.0,151.0,119.0,106.0,116.0,127.0,106.0,78.0,75.0,98.0,122.0,150.0,164.0,174.0,184.0,183.0,148.0,96.0,55.0,55.0,55.0,55.0,115.0,205.0,205.0,205.0,205.0,205.0,77.0,55.0,55.0,55.0,55.0,68.0,139.0,169.0,179.0,171.0,156.0,140.0,129.0,124.0,123.0,122.0,121.0,123.0,120.0,112.0,103.0,102.0,112.0,-0.6321503862258534,-0.7748457196077839
55.0,55.0,55.0,77.0,118.0,156.0,199.0,185.0,139.0,98.0,76.0,55.0,55.0,55.0,55.0,56.0,127.0,186.0,205.0,205.0,187.0,152.0,122.0,104.0,92.0,85.0,85.0,97.0,116.0,135.0,147.0,152.0,152.0,149.0,142.0,136.0,130.0,127.0,128.0,133.0,136.0,139.0,139.0,140.0,142.0,144.0,144.0,143.0,142.0,142.0,205.0,157.0,95.0,85.0,109.0,156.0,159.0,126.0,94.0,104.0,116.0,143.0,142.0,127.0,103.0,97.0,103.0,129.0,157.0,156.0,118.0,78.0,67.0,97.0,157.0,199.0,194.0,140.0,75.0,55.0,55.0,96.0,190.0,205.0,205.0,182.0,114.0,72.0,70.0,103.0,142.0,164.0,161.0,142.0,124.0,117.0,116.0,116.0,114.0,109.0,-0.8588827989621313,-0.5121721757836668
117.0,95.0,98.0,127.0,129.0,143.0,147.0,149.0,151.0,161.0,133.0,107.0,104.0,114.0,104.0,105.0,118.0,114.0,104.0,117.0,134.0,134.0,134.0,140.0,137.0,133.0,134.0,135.0,129.0,119.0,109.0,107.0,114.0,126.0,136.0,143.0,144.0,139.0,134.0,129.0,125.0,122.0,120.0,120.0,121.0,121.0,121.0,122.0,123.0,124.0,149.0,113.0,109.0,104.0,148.0,125.0,115.0,88.0,111.0,132.0,160.0,153.0,142.0,135.0,135.0,145.0,148.0,124.0,78.0,55.0,55.0,79.0,152.0,205.0,205.0,166.0,107.0,71.0,81.0,131.0,177.0,182.0,140.0,80.0,55.0,55.0,55.0,123.0,188.0,205.0,205.0,190.0,165.0,148.0,137.0,127.0,114.0,98.0,88.0,88.0,-0.9822014475194724,-0.18783055260168197
88.0,55.0,61.0,87.0,95.0,112.0,82.0,106.0,122.0,149.0,122.0,120.0,113.0,115.0,111.0,138.0,155.0,151.0,151.0,168.0,167.0,143.0,125.0,110.0,97.0,101.0,122.0,135.0,140.0,141.0,144.0,144.0,143.0,132.0,123.0,119.0,120.0,120.0,122.0,126.0,133.0,143.0,150.0,152.0,151.0,149.0,147.0,147.0,147.0,146.0,143.0,111.0,118.0,120.0,121.0,112.0,118.0,144.0,132.0,136.0,123.0,128.0,116.0,108.0,92.0,92.0,89.0,101.0,124.0,149.0,168.0,186.0,187.0,158.0,116.0,80.0,55.0,55.0,72.0,135.0,190.0,205.0,205.0,170.0,119.0,93.0,100.0,127.0,151.0,156.0,138.0,113.0,92.0,84.0,88.0,100.0,113.0,121.0,125.0,127.0,-0.9872581527793943,0.1591268040608432
117.0,116.0,170.0,136.0,108.0,101.0,80.0,87.0,84.0,96.0,71.0,103.0,138.0,182.0,179.0,175.0,155.0,147.0,143.0,152.0,144.0,121.0,100.0,98.0,104.0,114.0,123.0,129.0,133.0,142.0,152.0,153.0,145.0,130.0,117.0,109.0,108.0,111.0,118.0,126.0,136.0,143.0,148.0,148.0,147.0,146.0,147.0,147.0,145.0,140.0,155.0,97.0,90.0,121.0,155.0,161.0,146.0,119.0,107.0,102.0,97.0,96.0,100.0,102.0,109.0,127.0,153.0,182.0,195.0,172.0,115.0,59.0,55.0,55.0,57.0,158.0,205.0,205.0,205.0,154.0,98.0,69.0,78.0,114.0,153.0,175.0,172.0,153.0,129.0,114.0,105.0,102.0,102.0,104.0,110.0,116.0,122.0,126.0,129.0,129.0,-0.873444062258294,0.4869245014432211
142.0,140.0,123.0,101.0,106.0,103.0,84.0,78.0,113.0,135.0,143.0,158.0,172.0,135.0,86.0,62.0,56.0,55.0,64.0,119.0,152.0,172.0,185.0,186.0,168.0,143.0,116.0,95.0,83.0,85.0,100.0,123.0,143.0,152.0,151.0,145.0,135.0,126.0,119.0,116.0,114.0,114.0,115.0,118.0,121.0,124.0,126.0,129.0,130.0,132.0,176.0,115.0,125.0,139.0,147.0,147.0,139.0,129.0,124.0,117.0,117.0,126.0,124.0,117.0,109.0,105.0,116.0,148.0,161.0,141.0,113.0,94.0,93.0,122.0,168.0,191.0,168.0,111.0,55.0,55.0,55.0,98.0,200.0,205.0,205.0,205.0,144.0,102.0,88.0,94.0,104.0,112.0,109.0,105.0,106.0,113.0,122.0,130.0,133.0,133.0,-0.6544629589771064,0.7560940651314031
65.0,55.0,70.0,111.0,114.0,136.0,133.0,141.0,151.0,176.0,149.0,126.0,131.0,164.0,169.0,167.0,155.0,119.0,76.0,67.0,86.0,101.0,116.0,136.0,154.0,165.0,174.0,172.0,152.0,121.0,93.0,81.0,87.0,104.0,123.0,141.0,152.0,156.0,156.0,153.0,150.0,146.0,144.0,142.0,139.0,136.0,131.0,129.0,127.0,125.0,154.0,131.0,139.0,139.0,114.0,105.0,108.0,119.0,120.0,112.0,103.0,109.0,125.0,153.0,172.0,173.0,157.0,136.0,113.0,97.0,104.0,116.0,118.0,125.0,148.0,176.0,195.0,189.0,154.0,105.0,75.0,81.0,115.0,149.0,162.0,144.0,107.0,76.0,64.0,74.0,99.0,126.0,142.0,145.0,139.0,135.0,135.0,144.0,149.0,147.0,-0.35668125777348586,0.9342261398361342
70.0,83.0,82.0,86.0,102.0,143.0,166.0,178.0,173.0,173.0,161.0,153.0,139.0,111.0,68.0,55.0,59.0,99.0,129.0,151.0,162.0,163.0,168.0,171.0,156.0,125.0,96.0,81.0,85.0,101.0,118.0,131.0,140.0,144.0,146.0,145.0,142.0,138.0,138.0,139.0,140.0,137.0,136.0,136.0,137.0,132.0,127.0,123.0,124.0,127.0,184.0,132.0,90.0,93.0,105.0,123.0,100.0,88.0,117.0,135.0,147.0,140.0,140.0,138.0,146.0,130.0,101.0,75.0,69.0,85.0,125.0,169.0,199.0,205.0,186.0,140.0,93.0,63.0,60.0,88.0,135.0,178.0,197.0,185.0,148.0,102.0,69.0,62.0,83.0,119.0,152.0,170.0,167.0,150.0,131.0,117.0,112.0,113.0,116.0,119.0,-0.015953357713623804,0.9998727370909065
161.0,133.0,110.0,96.0,105.0,119.0,100.0,98.0,117.0,132.0,112.0,100.0,96.0,79.0,69.0,91.0,121.0,145.0,165.0,179.0,174.0,158.0,133.0,108.0,87.0,81.0,89.0,111.0,135.0,150.0,155.0,153.0,146.0,135.0,125.0,117.0,113.0,111.0,113.0,115.0,117.0,119.0,121.0,125.0,129.0,132.0,133.0,135.0,136.0,137.0,148.0,141.0,103.0,126.0,120.0,135.0,129.0,139.0,149.0,148.0,138.0,107.0,93.0,96.0,111.0,112.0,125.0,139.0,155.0,177.0,199.0,191.0,144.0,82.0,55.0,55.0,55.0,71.0,188.0,205.0,205.0,205.0,143.0,106.0,92.0,96.0,104.0,111.0,112.0,113.0,118.0,126.0,133.0,137.0,136.0,132.0,129.0,130.0,135.0,140.0,0.326695406024558,0.945129679823065
100.0,119.0,65.0,101.0,91.0,140.0,124.0,124.0,145.0,192.0,204.0,194.0,180.0,124.0,64.0,55.0,55.0,55.0,55.0,60.0,148.0,186.0,205.0,205.0,205.0,161.0,118.0,83.0,62.0,59.0,74.0,102.0,134.0,154.0,162.0,161.0,154.0,144.0,136.0,130.0,124.0,120.0,119.0,119.0,120.0,120.0,118.0,119.0,121.0,123.0,157.0,114.0,109.0,126.0,144.0,137.0,108.0,95.0,104.0,128.0,147.0,147.0,129.0,126.0,137.0,149.0,158.0,155.0,124.0,86.0,77.0,106.0,152.0,184.0,182.0,145.0,102.0,86.0,109.0,150.0,180.0,179.0,145.0,100.0,70.0,66.0,84.0,111.0,131.0,135.0,129.0,124.0,127.0,137.0,148.0,152.0,145.0,134.0,127.0,127.0,0.6300084167149532,0.7765883046172649
166.0,55.0,94.0,55.0,150.0,122.0,165.0,155.0,196.0,196.0,205.0,169.0,104.0,55.0,55.0,55.0,82.0,133.0,157.0,182.0,192.0,201.0,182.0,149.0,106.0,77.0,67.0,79.0,97.0,121.0,141.0,155.0,157.0,153.0,141.0,129.0,122.0,123.0,126.0,129.0,130.0,131.0,133.0,134.0,134.0,131.0,129.0,126.0,127.0,127.0,144.0,73.0,95.0,101.0,121.0,114.0,124.0,125.0,138.0,127.0,112.0,101.0,99.0,102.0,105.0,114.0,122.0,133.0,145.0,154.0,152.0,138.0,113.0,85.0,63.0,63.0,88.0,131.0,179.0,205.0,205.0,205.0,173.0,106.0,55.0,55.0,55.0,61.0,151.0,192.0,201.0,183.0,152.0,124.0,105.0,98.0,100.0,110.0,114.0,112.0,0.8574652780964612,0.514541831981578
154.0,131.0,122.0,126.0,119.0,120.0,65.0,55.0,55.0,55.0,68.0,130.0,157.0,185.0,183.0,184.0,157.0,130.0,98.0,78.0,71.0,80.0,98.0,125.0,151.0,166.0,171.0,165.0,149.0,126.0,112.0,105.0,109.0,114.0,121.0,123.0,125.0,124.0,125.0,124.0,125.0,125.0,127.0,131.0,135.0,137.0,138.0,138.0,139.0,139.0,130.0,98.0,98.0,118.0,132.0,142.0,149.0,142.0,113.0,87.0,85.0,99.0,110.0,114.0,124.0,141.0,166.0,195.0,200.0,161.0,91.0,55.0,55.0,55.0,55.0,147.0,205.0,205.0,205.0,170.0,135.0,119.0,110.0,93.0,73.0,62.0,71.0,104.0,147.0,178.0,186.0,172.0,146.0,123.0,114.0,118.0,126.0,130.0,124.0,111.0,0.9816790518671273,0.19054196158656997
110.0,115.0,114.0,162.0,157.0,169.0,156.0,170.0,108.0,82.0,55.0,64.0,55.0,93.0,138.0,168.0,176.0,197.0,200.0,167.0,125.0,93.0,68.0,64.0,90.0,123.0,144.0,153.0,154.0,150.0,149.0,142.0,133.0,123.0,118.0,113.0,114.0,114.0,115.0,115.0,117.0,119.0,122.0,123.0,124.0,125.0,128.0,129.0,130.0,132.0,150.0,124.0,101.0,110.0,113.0,119.0,132.0,144.0,141.0,122.0,101.0,96.0,109.0,126.0,138.0,143.0,136.0,131.0,137.0,146.0,141.0,117.0,84.0,56.0,55.0,97.0,157.0,197.0,205.0,187.0,155.0,128.0,112.0,99.0,84.0,72.0,74.0,96.0,131.0,166.0,187.0,188.0,171.0,144.0,120.0,109.0,112.0,119.0,122.0,117.0,0.9876937813771994,-0.15640010942710048
67.0,117.0,143.0,204.0,189.0,163.0,103.0,64.0,64.0,76.0,97.0,121.0,167.0,200.0,205.0,205.0,164.0,93.0,55.0,55.0,55.0,55.0,118.0,153.0,185.0,203.0,201.0,172.0,127.0,89.0,75.0,85.0,105.0,126.0,137.0,143.0,145.0,143.0,137.0,130.0,125.0,124.0,125.0,127.0,125.0,124.0,123.0,125.0,127.0,128.0,121.0,122.0,102.0,104.0,110.0,140.0,150.0,131.0,104.0,95.0,98.0,104.0,109.0,115.0,121.0,132.0,147.0,154.0,151.0,135.0,112.0,83.0,63.0,58.0,85.0,135.0,188.0,205.0,205.0,205.0,172.0,106.0,55.0,55.0,55.0,56.0,147.0,194.0,205.0,195.0,163.0,130.0,108.0,98.0,98.0,103.0,107.0,107.0,105.0,105.0,0.8747852632546836,-0.48451082876694707
151.0,159.0,114.0,68.0,55.0,55.0,55.0,55.0,99.0,162.0,202.0,205.0,205.0,150.0,92.0,55.0,55.0,55.0,55.0,117.0,160.0,187.0,195.0,187.0,164.0,129.0,98.0,82.0,84.0,99.0,119.0,134.0,140.0,140.0,135.0,129.0,124.0,120.0,119.0,122.0,125.0,129.0,130.0,132.0,134.0,137.0,138.0,137.0,136.0,134.0,165.0,159.0,147.0,146.0,148.0,123.0,99.0,99.0,119.0,145.0,153.0,141.0,127.0,139.0,159.0,163.0,139.0,97.0,57.0,55.0,83.0,153.0,205.0,205.0,205.0,167.0,132.0,112.0,94.0,70.0,55.0,55.0,66.0,140.0,202.0,205.0,205.0,178.0,115.0,73.0,62.0,82.0,112.0,135.0,139.0,129.0,117.0,114.0,125.0,139.0,0.6565482450961395,-0.7542840326171432
131.0,173.0,134.0,105.0,55.0,55.0,55.0,55.0,108.0,160.0,186.0,189.0,205.0,187.0,124.0,60.0,55.0,55.0,55.0,56.0,147.0,181.0,200.0,203.0,187.0,158.0,127.0,100.0,83.0,82.0,92.0,112.0,131.0,144.0,147.0,146.0,139.0,132.0,125.0,122.0,122.0,123.0,124.0,125.0,127.0,129.0,131.0,132.0,133.0,133.0,91.0,95.0,106.0,135.0,174.0,134.0,113.0,105.0,121.0,114.0,132.0,133.0,140.0,137.0,137.0,141.0,146.0,133.0,104.0,72.0,55.0,65.0,122.0,176.0,201.0,204.0,183.0,149.0,124.0,116.0,108.0,95.0,81.0,72.0,75.0,101.0,150.0,197.0,205.0,205.0,177.0,130.0,99.0,89.0,93.0,100.0,104.0,102.0,100.0,103.0,0.3592595501866891,-0.9332376844082422
205.0,176.0,95.0,59.0,55.0,82.0,94.0,117.0,156.0,197.0,205.0,205.0,164.0,90.0,55.0,55.0,55.0,55.0,113.0,154.0,188.0,205.0,205.0,178.0,129.0,85.0,66.0,74.0,98.0,123.0,139.0,145.0,147.0,145.0,138.0,130.0,123.0,121.0,123.0,124.0,124.0,122.0,121.0,123.0,125.0,127.0,126.0,125.0,126.0,127.0,154.0,125.0,123.0,112.0,113.0,106.0,101.0,88.0,107.0,119.0,135.0,136.0,143.0,146.0,150.0,135.0,105.0,72.0,56.0,58.0,97.0,148.0,194.0,205.0,205.0,205.0,159.0,95.0,55.0,55.0,55.0,71.0,162.0,203.0,205.0,184.0,147.0,115.0,99.0,99.0,107.0,114.0,114.0,109.0,103.0,101.0,106.0,114.0,123.0,129.0,0.018714217180714265,-0.9998248737030466
81.0,65.0,55.0,64.0,142.0,187.0,182.0,158.0,131.0,100.0,84.0,58.0,67.0,82.0,125.0,158.0,183.0,172.0,153.0,118.0,90.0,79.0,87.0,102.0,129.0,155.0,169.0,170.0,160.0,138.0,113.0,98.0,96.0,108.0,124.0,140.0,147.0,149.0,146.0,141.0,136.0,134.0,131.0,132.0,132.0,134.0,134.0,133.0,134.0,136.0,157.0,114.0,114.0,104.0,141.0,151.0,150.0,142.0,122.0,120.0,127.0,131.0,111.0,91.0,72.0,82.0,123.0,179.0,205.0,205.0,162.0,115.0,90.0,92.0,99.0,93.0,72.0,58.0,74.0,129.0,201.0,205.0,205.0,205.0,126.0,77.0,55.0,60.0,95.0,125.0,136.0,128.0,115.0,110.0,119.0,135.0,148.0,151.0,144.0,135.0,-0.32408440072589895,-0.9460281714653824
55.0,79.0,102.0,90.0,114.0,158.0,202.0,192.0,188.0,164.0,119.0,67.0,55.0,55.0,55.0,55.0,57.0,137.0,205.0,205.0,205.0,205.0,166.0,117.0,80.0,56.0,55.0,55.0,58.0,134.0,173.0,193.0,188.0,168.0,146.0,130.0,120.0,117.0,117.0,121.0,128.0,133.0,133.0,132.0,132.0,134.0,137.0,138.0,139.0,139.0,173.0,124.0,118.0,95.0,149.0,137.0,140.0,128.0,141.0,131.0,126.0,112.0,110.0,112.0,99.0,89.0,89.0,108.0,141.0,178.0,178.0,152.0,126.0,109.0,104.0,114.0,129.0,123.0,105.0,96.0,98.0,118.0,158.0,201.0,205.0,205.0,173.0,132.0,106.0,101.0,108.0,114.0,111.0,102.0,92.0,92.0,101.0,114.0,126.0,133.0,-0.6278616436192548,-0.7783249684236835
184.0,192.0,204.0,181.0,143.0,104.0,59.0,55.0,56.0,97.0,114.0,147.0,159.0,182.0,193.0,200.0,181.0,157.0,127.0,101.0,88.0,92.0,100.0,106.0,115.0,120.0,127.0,141.0,158.0,166.0,162.0,146.0,124.0,106.0,99.0,99.0,106.0,114.0,121.0,126.0,131.0,133.0,134.0,133.0,133.0,132.0,132.0,132.0,131.0,129.0,93.0,73.0,83.0,110.0,136.0,135.0,126.0,107.0,95.0,79.0,77.0,85.0,103.0,120.0,138.0,151.0,160.0,166.0,158.0,126.0,80.0,55.0,55.0,55.0,75.0,194.0,205.0,205.0,205.0,205.0,115.0,56.0,55.0,55.0,55.0,70.0,163.0,196.0,202.0,186.0,156.0,126.0,104.0,92.0,90.0,93.0,98.0,102.0,104.0,105.0,-0.8560412193702495,-0.5169075649853623
181.0,95.0,77.0,55.0,56.0,67.0,100.0,135.0,148.0,178.0,156.0,152.0,115.0,89.0,55.0,55.0,55.0,55.0,89.0,134.0,155.0,171.0,184.0,177.0,154.0,136.0,123.0,111.0,107.0,107.0,108.0,111.0,120.0,129.0,142.0,149.0,151.0,146.0,142.0,134.0,129.0,126.0,124.0,125.0,126.0,129.0,132.0,133.0,134.0,137.0,140.0,125.0,104.0,105.0,129.0,160.0,145.0,114.0,92.0,88.0,98.0,116.0,131.0,140.0,150.0,154.0,152.0,145.0,129.0,97.0,58.0,55.0,55.0,55.0,149.0,205.0,205.0,205.0,205.0,145.0,59.0,55.0,55.0,55.0,57.0,137.0,205.0,205.0,205.0,185.0,155.0,131.0,114.0,106.0,103.0,103.0,102.0,99.0,95.0,97.0,-0.9811491712694406,-0.19325191775837555
61.0,107.0,170.0,144.0,112.0,70.0,57.0,55.0,55.0,81.0,116.0,157.0,186.0,172.0,146.0,118.0,78.0,58.0,62.0,82.0,106.0,150.0,188.0,201.0,190.0,162.0,123.0,94.0,82.0,87.0,104.0,125.0,141.0,150.0,150.0,143.0,134.0,129.0,126.0,126.0,130.0,136.0,141.0,138.0,136.0,137.0,143.0,147.0,148.0,145.0,77.0,74.0,152.0,126.0,132.0,119.0,149.0,147.0,116.0,91.0,95.0,113.0,124.0,131.0,121.0,130.0,156.0,181.0,174.0,159.0,132.0,96.0,70.0,75.0,98.0,128.0,161.0,185.0,196.0,191.0,174.0,139.0,95.0,60.0,55.0,75.0,120.0,158.0,168.0,148.0,113.0,85.0,76.0,91.0,116.0,139.0,151.0,152.0,146.0,138.0,-0.98812187916954,0.1536722222994678
55.0,117.0,158.0,174.0,157.0,141.0,145.0,165.0,163.0,141.0,123.0,108.0,96.0,112.0,124.0,100.0,78.0,90.0,116.0,139.0,163.0,174.0,163.0,148.0,137.0,125.0,110.0,98.0,91.0,98.0,116.0,134.0,147.0,152.0,151.0,147.0,145.0,139.0,134.0,129.0,128.0,128.0,128.0,126.0,123.0,122.0,123.0,125.0,126.0,126.0,125.0,149.0,146.0,153.0,134.0,134.0,124.0,94.0,65.0,80.0,107.0,140.0,155.0,157.0,160.0,174.0,175.0,145.0,94.0,55.0,55.0,55.0,72.0,201.0,205.0,205.0,205.0,205.0,205.0,55.0,55.0,55.0,55.0,55.0,136.0,205.0,205.0,205.0,205.0,112.0,59.0,55.0,55.0,55.0,99.0,117.0,122.0,120.0,120.0,126.0,-0.8761197943319495,0.48209346187201346
127.0,108.0,147.0,97.0,110.0,64.0,70.0,58.0,105.0,91.0,110.0,115.0,134.0,121.0,119.0,115.0,104.0,98.0,122.0,150.0,154.0,157.0,154.0,144.0,129.0,123.0,113.0,108.0,109.0,122.0,136.0,148.0,150.0,144.0,135.0,128.0,120.0,118.0,118.0,120.0,124.0,130.0,134.0,137.0,139.0,142.0,145.0,147.0,148.0,147.0,189.0,188.0,131.0,107.0,89.0,111.0,92.0,97.0,126.0,153.0,167.0,159.0,143.0,139.0,142.0,111.0,65.0,55.0,55.0,55.0,127.0,205.0,205.0,205.0,205.0,205.0,55.0,55.0,55.0,55.0,55.0,94.0,205.0,205.0,205.0,205.0,190.0,97.0,57.0,55.0,73.0,108.0,130.0,133.0,122.0,108.0,103.0,111.0,127.0,143.0,-0.6586285252738521,0.7524682489617691
55.0,55.0,55.0,123.0,182.0,170.0,142.0,128.0,123.0,89.0,59.0,55.0,55.0,55.0,75.0,170.0,204.0,205.0,191.0,160.0,129.0,109.0,97.0,90.0,90.0,99.0,115.0,133.0,144.0,148.0,148.0,143.0,136.0,128.0,122.0,121.0,122.0,127.0,130.0,133.0,135.0,138.0,141.0,144.0,145.0,143.0,142.0,143.0,144.0,145.0,165.0,132.0,127.0,114.0,109.0,84.0,99.0,106.0,136.0,130.0,121.0,125.0,156.0,178.0,172.0,150.0,112.0,76.0,63.0,86.0,116.0,143.0,162.0,175.0,176.0,171.0,159.0,126.0,83.0,56.0,64.0,108.0,164.0,194.0,174.0,114.0,57.0,55.0,55.0,92.0,160.0,191.0,192.0,171.0,144.0,126.0,122.0,127.0,131.0,127.0,-0.36183510337662766,0.9322421133827977
112.0,161.0,118.0,153.0,142.0,168.0,163.0,177.0,127.0,111.0,106.0,114.0,93.0,97.0,117.0,126.0,142.0,178.0,195.0,173.0,143.0,122.0,102.0,91.0,96.0,104.0,110.0,120.0,135.0,149.0,158.0,153.0,142.0,129.0,119.0,112.0,114.0,117.0,122.0,124.0,126.0,126.0,125.0,126.0,128.0,129.0,124.0,120.0,119.0,124.0,176.0,169.0,126.0,131.0,134.0,120.0,93.0,88.0,97.0,126.0,143.0,142.0,135.0,139.0,143.0,135.0,123.0,99.0,73.0,64.0,93.0,152.0,205.0,205.0,205.0,205.0,119.0,72.0,55.0,55.0,55.0,59.0,171.0,205.0,205.0,205.0,205.0,105.0,58.0,55.0,55.0,55.0,78.0,104.0,114.0,118.0,121.0,129.0,141.0,153.0,-0.021474933958708357,0.9997693870145601
68.0,69.0,82.0,91.0,107.0,88.0,105.0,126.0,146.0,121.0,119.0,113.0,110.0,111.0,138.0,154.0,149.0,152.0,171.0,169.0,144.0,123.0,106.0,92.0,98.0,119.0,132.0,136.0,139.0,144.0,147.0,146.0,134.0,123.0,113.0,111.0,114.0,122.0,129.0,135.0,141.0,147.0,150.0,150.0,149.0,148.0,147.0,145.0,142.0,139.0,205.0,116.0,87.0,109.0,107.0,112.0,127.0,147.0,148.0,147.0,123.0,111.0,108.0,96.0,72.0,60.0,66.0,97.0,153.0,205.0,205.0,205.0,205.0,128.0,63.0,55.0,55.0,55.0,55.0,83.0,205.0,205.0,205.0,205.0,205.0,89.0,55.0,55.0,55.0,96.0,125.0,131.0,120.0,107.0,100.0,107.0,122.0,137.0,148.0,150.0,0.32147092440169395,0.9469194499873368
198.0,136.0,127.0,55.0,63.0,55.0,55.0,55.0,96.0,95.0,141.0,174.0,200.0,184.0,162.0,139.0,119.0,114.0,116.0,117.0,107.0,106.0,110.0,123.0,134.0,144.0,145.0,146.0,143.0,141.0,134.0,126.0,116.0,110.0,107.0,109.0,112.0,118.0,123.0,130.0,136.0,139.0,141.0,142.0,144.0,145.0,145.0,144.0,140.0,137.0,114.0,114.0,116.0,114.0,110.0,116.0,126.0,130.0,114.0,107.0,124.0,142.0,141.0,134.0,128.0,122.0,120.0,126.0,127.0,116.0,105.0,108.0,124.0,143.0,159.0,154.0,120.0,82.0,73.0,107.0,168.0,205.0,205.0,155.0,75.0,55.0,55.0,55.0,116.0,182.0,195.0,179.0,151.0,127.0,119.0,125.0,133.0,133.0,123.0,110.0,0.6257100833071297,0.7800556977856035
178.0,132.0,147.0,133.0,110.0,102.0,102.0,83.0,79.0,112.0,137.0,144.0,155.0,172.0,139.0,92.0,65.0,57.0,55.0,61.0,114.0,150.0,171.0,185.0,187.0,169.0,145.0,118.0,97.0,84.0,86.0,99.0,122.0,142.0,152.0,152.0,146.0,137.0,127.0,120.0,116.0,114.0,115.0,115.0,118.0,121.0,124.0,126.0,129.0,130.0,84.0,93.0,104.0,132.0,136.0,143.0,136.0,138.0,130.0,114.0,118.0,101.0,100.0,93.0,100.0,119.0,161.0,193.0,205.0,205.0,190.0,152.0,112.0,76.0,55.0,55.0,55.0,112.0,189.0,205.0,205.0,205.0,205.0,68.0,55.0,55.0,55.0,88.0,126.0,118.0,92.0,67.0,63.0,84.0,121.0,156.0,177.0,181.0,175.0,168.0,0.8546106336414195,0.519269356757176
108.0,127.0,55.0,87.0,78.0,125.0,89.0,123.0,130.0,157.0,157.0,175.0,160.0,127.0,127.0,151.0,164.0,160.0,165.0,151.0,119.0,101.0,107.0,105.0,105.0,113.0,127.0,138.0,153.0,159.0,157.0,142.0,122.0,105.0,99.0,102.0,110.0,123.0,135.0,144.0,148.0,151.0,151.0,150.0,149.0,146.0,143.0,138.0,134.0,131.0,151.0,93.0,64.0,88.0,133.0,136.0,131.0,120.0,121.0,117.0,102.0,79.0,82.0,99.0,120.0,143.0,162.0,174.0,186.0,186.0,154.0,102.0,55.0,55.0,55.0,55.0,83.0,205.0,205.0,205.0,205.0,205.0,86.0,55.0,55.0,55.0,55.0,67.0,139.0,163.0,173.0,178.0,162.0,143.0,126.0,122.0,126.0,127.0,125.0,121.0,0.980611809766558,0.19596040045467278
203.0,96.0,67.0,55.0,89.0,91.0,96.0,72.0,90.0,132.0,172.0,182.0,178.0,172.0,165.0,157.0,147.0,122.0,78.0,55.0,55.0,94.0,124.0,149.0,162.0,165.0,168.0,174.0,162.0,134.0,103.0,84.0,84.0,99.0,115.0,129.0,139.0,145.0,147.0,147.0,144.0,140.0,139.0,140.0,143.0,142.0,139.0,135.0,133.0,133.0,127.0,104.0,105.0,136.0,158.0,150.0,125.0,119.0,129.0,132.0,126.0,110.0,91.0,84.0,106.0,139.0,163.0,168.0,158.0,137.0,116.0,104.0,94.0,76.0,63.0,78.0,126.0,189.0,205.0,205.0,172.0,94.0,55.0,55.0,58.0,147.0,189.0,194.0,171.0,140.0,116.0,109.0,116.0,125.0,128.0,122.0,113.0,110.0,115.0,124.0,0.9885424428923261,-0.15094316347709275
87.0,76.0,91.0,135.0,147.0,129.0,129.0,155.0,144.0,136.0,131.0,111.0,69.0,55.0,61.0,65.0,74.0,110.0,149.0,170.0,182.0,186.0,174.0,152.0,125.0,101.0,81.0,75.0,83.0,106.0,132.0,151.0,158.0,156.0,149.0,140.0,132.0,125.0,121.0,118.0,123.0,120.0,122.0,123.0,126.0,131.0,131.0,129.0,130.0,135.0,167.0,117.0,109.0,121.0,124.0,103.0,104.0,109.0,107.0,100.0,92.0,113.0,158.0,202.0,205.0,205.0,172.0,133.0,99.0,70.0,55.0,55.0,55.0,110.0,186.0,205.0,205.0,205.0,205.0,55.0,55.0,55.0,92.0,123.0,112.0,73.0,55.0,55.0,55.0,124.0,179.0,205.0,205.0,186.0,164.0,152.0,150.0,149.0,140.0,124.0,0.8774476453147793,-0.47967241918996073
94.0,159.0,133.0,180.0,150.0,168.0,178.0,186.0,160.0,146.0,135.0,85.0,55.0,55.0,55.0,55.0,108.0,157.0,192.0,201.0,205.0,193.0,156.0,114.0,80.0,57.0,55.0,76.0,111.0,145.0,167.0,171.0,165.0,155.0,145.0,137.0,133.0,130.0,129.0,128.0,127.0,124.0,121.0,119.0,119.0,125.0,128.0,126.0,121.0,121.0,168.0,148.0,93.0,126.0,91.0,117.0,85.0,102.0,120.0,148.0,149.0,143.0,148.0,152.0,147.0,118.0,89.0,55.0,55.0,55.0,110.0,179.0,205.0,205.0,205.0,158.0,92.0,55.0,55.0,55.0,60.0,147.0,190.0,205.0,187.0,144.0,105.0,91.0,104.0,131.0,156.0,163.0,151.0,128.0,107.0,95.0,92.0,100.0,109.0,118.0,0.6607037836488678,-0.7506467280099675
111.0,142.0,141.0,111.0,115.0,133.0,170.0,181.0,184.0,157.0,118.0,77.0,70.0,75.0,92.0,124.0,162.0,194.0,205.0,205.0,195.0,136.0,89.0,57.0,55.0,67.0,92.0,123.0,155.0,179.0,182.0,168.0,142.0,119.0,109.0,108.0,108.0,109.0,114.0,122.0,132.0,136.0,134.0,129.0,127.0,127.0,128.0,129.0,128.0,126.0,122.0,121.0,123.0,110.0,95.0,123.0,143.0,148.0,143.0,135.0,121.0,111.0,99.0,91.0,94.0,102.0,106.0,113.0,133.0,162.0,189.0,193.0,156.0,94.0,55.0,55.0,55.0,76.0,178.0,205.0,205.0,205.0,131.0,78.0,64.0,88.0,131.0,166.0,177.0,166.0,143.0,123.0,111.0,105.0,102.0,102.0,105.0,111.0,119.0,124.0,0.36440789770565235,-0.9312394343506651
119.0,57.0,55.0,97.0,170.0,158.0,115.0,72.0,71.0,65.0,82.0,102.0,125.0,139.0,170.0,188.0,173.0,134.0,88.0,57.0,55.0,57.0,105.0,143.0,172.0,189.0,189.0,177.0,149.0,114.0,88.0,80.0,91.0,112.0,132.0,144.0,148.0,147.0,143.0,138.0,133.0,131.0,130.0,133.0,136.0,137.0,137.0,137.0,138.0,140.0,181.0,172.0,120.0,122.0,136.0,154.0,148.0,142.0,131.0,129.0,122.0,118.0,123.0,127.0,121.0,114.0,108.0,110.0,136.0,160.0,154.0,125.0,101.0,91.0,106.0,150.0,187.0,185.0,140.0,79.0,55.0,55.0,55.0,163.0,205.0,205.0,205.0,172.0,118.0,90.0,89.0,100.0,111.0,113.0,108.0,105.0,109.0,118.0,128.0,134.0,0.024235486998159986,-0.9997062774485124
78.0,153.0,176.0,205.0,205.0,205.0,154.0,83.0,55.0,55.0,55.0,55.0,72.0,176.0,205.0,205.0,205.0,205.0,130.0,81.0,60.0,55.0,62.0,105.0,140.0,155.0,162.0,160.0,156.0,147.0,133.0,118.0,112.0,116.0,123.0,130.0,130.0,127.0,124.0,124.0,125.0,125.0,125.0,125.0,126.0,127.0,128.0,130.0,132.0,133.0,157.0,112.0,128.0,148.0,141.0,122.0,123.0,125.0,123.0,110.0,94.0,89.0,92.0,113.0,138.0,160.0,175.0,187.0,180.0,149.0,112.0,80.0,56.0,55.0,95.0,155.0,201.0,205.0,190.0,137.0,96.0,93.0,126.0,163.0,179.0,159.0,117.0,80.0,65.0,69.0,85.0,103.0,120.0,130.0,134.0,136.0,139.0,146.0,151.0,149.0,-0.3188549969787268,-0.9478035085932611
79.0,113.0,164.0,197.0,189.0,139.0,82.0,55.0,65.0,83.0,105.0,140.0,182.0,205.0,205.0,205.0,129.0,61.0,55.0,55.0,55.0,68.0,138.0,174.0,201.0,205.0,196.0,158.0,107.0,74.0,68.0,86.0,112.0,133.0,144.0,148.0,148.0,143.0,135.0,127.0,123.0,122.0,125.0,125.0,124.0,122.0,122.0,125.0,127.0,128.0,157.0,128.0,115.0,124.0,126.0,129.0,115.0,108.0,98.0,98.0,109.0,126.0,135.0,142.0,146.0,146.0,144.0,135.0,114.0,90.0,75.0,77.0,102.0,145.0,191.0,205.0,205.0,175.0,119.0,70.0,55.0,68.0,107.0,147.0,168.0,165.0,146.0,125.0,112.0,109.0,111.0,115.0,118.0,120.0,121.0,121.0,123.0,126.0,127.0,127.0,-0.6235537521834421,-0.7817804795068437
99.0,55.0,55.0,55.0,92.0,118.0,147.0,166.0,190.0,195.0,169.0,114.0,68.0,55.0,55.0,55.0,96.0,137.0,169.0,191.0,193.0,183.0,160.0,127.0,95.0,78.0,78.0,94.0,117.0,135.0,144.0,146.0,143.0,137.0,133.0,130.0,128.0,130.0,133.0,135.0,136.0,137.0,138.0,138.0,138.0,137.0,140.0,141.0,139.0,134.0,164.0,137.0,116.0,113.0,126.0,135.0,131.0,131.0,142.0,147.0,147.0,131.0,105.0,93.0,102.0,110.0,114.0,127.0,143.0,160.0,182.0,199.0,183.0,133.0,73.0,55.0,55.0,55.0,106.0,198.0,205.0,205.0,183.0,128.0,95.0,88.0,100.0,119.0,125.0,116.0,109.0,111.0,118.0,125.0,129.0,131.0,131.0,133.0,135.0,141.0,-0.853173531817674,-0.5216271892892053
143.0,139.0,145.0,153.0,102.0,55.0,55.0,55.0,55.0,89.0,162.0,180.0,190.0,203.0,192.0,126.0,62.0,55.0,55.0,55.0,55.0,113.0,180.0,204.0,205.0,202.0,171.0,137.0,106.0,82.0,73.0,79.0,98.0,123.0,142.0,152.0,153.0,147.0,137.0,129.0,123.0,121.0,121.0,122.0,123.0,126.0,129.0,131.0,133.0,134.0,168.0,143.0,105.0,108.0,118.0,147.0,141.0,115.0,96.0,102.0,122.0,143.0,148.0,133.0,124.0,134.0,150.0,160.0,158.0,130.0,90.0,75.0,98.0,143.0,179.0,185.0,154.0,109.0,86.0,102.0,143.0,177.0,181.0,153.0,108.0,74.0,64.0,78.0,103.0,126.0,139.0,136.0,128.0,122.0,130.0,144.0,153.0,151.0,138.0,128.0,-0.9800669714556663,-0.19866738902426362
159.0,92.0,56.0,60.0,83.0,96.0,122.0,163.0,201.0,205.0,205.0,156.0,82.0,55.0,55.0,55.0,55.0,121.0,161.0,192.0,205.0,205.0,173.0,122.0,81.0,65.0,76.0,101.0,126.0,141.0,147.0,148.0,144.0,137.0,129.0,123.0,121.0,123.0,125.0,123.0,122.0,121.0,122.0,124.0,125.0,125.0,128.0,131.0,131.0,128.0,205.0,119.0,68.0,92.0,111.0,128.0,113.0,114.0,120.0,145.0,136.0,121.0,101.0,100.0,103.0,107.0,112.0,120.0,130.0,142.0,154.0,155.0,146.0,124.0,96.0,71.0,62.0,78.0,115.0,163.0,205.0,205.0,205.0,194.0,132.0,72.0,55.0,55.0,55.0,128.0,183.0,205.0,194.0,163.0,131.0,110.0,102.0,103.0,108.0,111.0,-0.9889554693389125,0.1482129537680537
55.0,63.0,128.0,195.0,184.0,163.0,124.0,98.0,76.0,60.0,66.0,85.0,126.0,161.0,185.0,171.0,150.0,112.0,84.0,73.0,86.0,103.0,133.0,159.0,174.0,173.0,162.0,138.0,111.0,94.0,93.0,105.0,124.0,141.0,149.0,151.0,148.0,142.0,138.0,134.0,131.0,131.0,132.0,134.0,134.0,134.0,134.0,136.0,137.0,138.0,148.0,100.0,93.0,100.0,126.0,143.0,138.0,140.0,141.0,118.0,93.0,85.0,97.0,108.0,118.0,129.0,140.0,162.0,192.0,201.0,166.0,97.0,55.0,55.0,55.0,55.0,142.0,205.0,205.0,205.0,174.0,137.0,120.0,111.0,95.0,75.0,62.0,70.0,101.0,145.0,177.0,187.0,174.0,148.0,125.0,114.0,118.0,126.0,130.0,124.0,-0.8787688060787902,0.4772477191803621
55.0,55.0,106.0,90.0,136.0,173.0,195.0,190.0,178.0,152.0,93.0,56.0,55.0,55.0,55.0,55.0,70.0,185.0,205.0,205.0,205.0,205.0,147.0,103.0,70.0,55.0,55.0,55.0,95.0,148.0,180.0,191.0,179.0,158.0,139.0,125.0,118.0,116.0,118.0,122.0,128.0,131.0,131.0,130.0,132.0,134.0,136.0,137.0,136.0,136.0,149.0,118.0,103.0,111.0,114.0,118.0,130.0,142.0,142.0,124.0,102.0,96.0,111.0,128.0,140.0,140.0,129.0,126.0,139.0,152.0,145.0,117.0,80.0,55.0,55.0,100.0,159.0,198.0,205.0,185.0,154.0,128.0,113.0,100.0,84.0,72.0,75.0,96.0,132.0,167.0,188.0,188.0,171.0,144.0,120.0,110.0,112.0,119.0,122.0,117.0,-0.6627740043980884,0.7488194836501803
134.0,164.0,197.0,198.0,154.0,93.0,55.0,55.0,55.0,86.0,116.0,141.0,167.0,189.0,198.0,185.0,149.0,104.0,74.0,69.0,85.0,110.0,133.0,146.0,152.0,151.0,145.0,136.0,129.0,125.0,125.0,125.0,124.0,122.0,121.0,121.0,123.0,124.0,124.0,123.0,124.0,126.0,128.0,129.0,130.0,129.0,130.0,132.0,133.0,134.0,153.0,125.0,106.0,101.0,116.0,146.0,149.0,124.0,97.0,94.0,99.0,108.0,113.0,118.0,125.0,138.0,152.0,156.0,149.0,127.0,96.0,68.0,57.0,69.0,107.0,158.0,204.0,205.0,205.0,205.0,147.0,81.0,55.0,55.0,55.0,91.0,170.0,204.0,205.0,183.0,149.0,119.0,101.0,98.0,101.0,105.0,107.0,106.0,105.0,108.0,-0.36697791355713294,0.9302296549569109
121.0,99.0,100.0,110.0,83.0,62.0,55.0,87.0,122.0,163.0,176.0,175.0,153.0,136.0,99.0,59.0,55.0,55.0,55.0,78.0,152.0,191.0,205.0,204.0,182.0,145.0,117.0,97.0,87.0,86.0,96.0,111.0,131.0,147.0,154.0,154.0,149.0,140.0,132.0,128.0,125.0,123.0,125.0,128.0,131.0,133.0,134.0,136.0,138.0,139.0,131.0,142.0,133.0,151.0,150.0,155.0,134.0,102.0,87.0,111.0,140.0,158.0,151.0,129.0,128.0,149.0,165.0,151.0,114.0,70.0,55.0,55.0,128.0,190.0,205.0,205.0,181.0,142.0,117.0,101.0,79.0,56.0,55.0,55.0,112.0,181.0,205.0,205.0,205.0,136.0,85.0,62.0,72.0,100.0,128.0,139.0,133.0,120.0,113.0,120.0,-0.026995855250839623,0.9996355454860915
74.0,55.0,75.0,154.0,178.0,166.0,151.0,137.0,114.0,93.0,60.0,55.0,55.0,55.0,72.0,172.0,205.0,198.0,171.0,157.0,141.0,119.0,101.0,86.0,78.0,96.0,130.0,154.0,160.0,152.0,138.0,130.0,130.0,131.0,132.0,132.0,130.0,127.0,126.0,123.0,122.0,123.0,128.0,133.0,135.0,136.0,137.0,140.0,143.0,145.0,114.0,93.0,114.0,158.0,140.0,120.0,103.0,121.0,109.0,129.0,128.0,139.0,134.0,135.0,135.0,143.0,140.0,116.0,85.0,57.0,55.0,95.0,154.0,188.0,195.0,184.0,161.0,136.0,124.0,114.0,103.0,90.0,82.0,80.0,93.0,126.0,166.0,198.0,205.0,192.0,158.0,124.0,106.0,101.0,101.0,102.0,99.0,96.0,97.0,103.0,0.3162366384025029,0.9486803405425268
164.0,194.0,149.0,169.0,92.0,75.0,55.0,55.0,77.0,126.0,141.0,166.0,179.0,205.0,205.0,179.0,138.0,100.0,69.0,59.0,80.0,100.0,118.0,134.0,145.0,151.0,165.0,171.0,160.0,137.0,116.0,103.0,100.0,104.0,112.0,120.0,127.0,130.0,133.0,133.0,132.0,130.0,130.0,131.0,132.0,132.0,131.0,131.0,130.0,129.0,184.0,136.0,110.0,83.0,102.0,101.0,105.0,94.0,121.0,122.0,135.0,136.0,146.0,150.0,143.0,112.0,76.0,56.0,55.0,87.0,136.0,182.0,205.0,205.0,205.0,169.0,112.0,60.0,55.0,55.0,56.0,158.0,205.0,205.0,205.0,139.0,91.0,72.0,85.0,112.0,137.0,146.0,136.0,118.0,103.0,98.0,102.0,112.0,120.0,124.0,0.6213926666894293,0.7834993004365733
153.0,59.0,71.0,55.0,77.0,91.0,143.0,144.0,181.0,160.0,153.0,124.0,93.0,57.0,55.0,55.0,55.0,71.0,144.0,178.0,192.0,199.0,179.0,148.0,124.0,109.0,97.0,94.0,97.0,106.0,119.0,136.0,145.0,151.0,150.0,144.0,137.0,132.0,128.0,124.0,124.0,124.0,127.0,129.0,132.0,134.0,135.0,137.0,138.0,139.0,205.0,175.0,128.0,84.0,83.0,117.0,154.0,152.0,133.0,128.0,119.0,130.0,124.0,109.0,86.0,79.0,77.0,105.0,156.0,199.0,205.0,179.0,129.0,89.0,79.0,84.0,82.0,69.0,61.0,71.0,118.0,194.0,205.0,205.0,205.0,205.0,65.0,55.0,55.0,55.0,94.0,159.0,173.0,160.0,139.0,126.0,127.0,135.0,139.0,136.0,0.851729924856385,0.5239810446038451
83.0,130.0,137.0,132.0,96.0,66.0,55.0,55.0,55.0,107.0,143.0,181.0,176.0,153.0,127.0,93.0,60.0,57.0,74.0,94.0,133.0,176.0,199.0,195.0,172.0,136.0,102.0,84.0,83.0,96.0,117.0,135.0,146.0,149.0,145.0,137.0,131.0,127.0,127.0,128.0,130.0,133.0,135.0,139.0,141.0,143.0,144.0,145.0,145.0,144.0,183.0,107.0,108.0,128.0,156.0,130.0,139.0,144.0,128.0,124.0,109.0,112.0,113.0,109.0,86.0,88.0,101.0,140.0,170.0,178.0,152.0,131.0,120.0,109.0,110.0,130.0,133.0,114.0,96.0,90.0,102.0,137.0,182.0,205.0,205.0,184.0,154.0,128.0,115.0,112.0,104.0,93.0,82.0,78.0,83.0,99.0,116.0,130.0,136.0,139.0,0.9795146604909589,0.20137286282734687
111.0,55.0,55.0,96.0,134.0,153.0,156.0,152.0,146.0,159.0,166.0,153.0,130.0,122.0,104.0,98.0,112.0,119.0,95.0,82.0,97.0,118.0,142.0,168.0,175.0,160.0,145.0,133.0,120.0,105.0,93.0,91.0,102.0,122.0,137.0,148.0,151.0,150.0,147.0,143.0,138.0,132.0,128.0,128.0,128.0,127.0,125.0,122.0,122.0,123.0,105.0,72.0,75.0,95.0,122.0,120.0,117.0,118.0,136.0,121.0,114.0,90.0,82.0,80.0,94.0,106.0,126.0,146.0,160.0,168.0,167.0,149.0,113.0,74.0,55.0,55.0,55.0,123.0,205.0,205.0,205.0,205.0,205.0,64.0,55.0,55.0,55.0,69.0,161.0,196.0,197.0,171.0,137.0,112.0,98.0,95.0,98.0,104.0,107.0,110.0,0.9893609553601238,-0.14548161398920184
177.0,103.0,81.0,99.0,135.0,130.0,103.0,67.0,55.0,55.0,89.0,98.0,98.0,112.0,130.0,129.0,124.0,117.0,98.0,80.0,92.0,121.0,143.0,157.0,166.0,162.0,150.0,139.0,126.0,113.0,104.0,104.0,114.0,130.0,142.0,147.0,145.0,140.0,132.0,126.0,122.0,120.0,121.0,125.0,131.0,136.0,140.0,142.0,145.0,147.0,83.0,101.0,101.0,114.0,114.0,125.0,137.0,146.0,131.0,109.0,94.0,90.0,99.0,117.0,133.0,143.0,152.0,152.0,149.0,142.0,123.0,87.0,55.0,55.0,55.0,60.0,172.0,205.0,205.0,205.0,205.0,100.0,55.0,55.0,55.0,55.0,70.0,172.0,205.0,205.0,205.0,176.0,147.0,125.0,111.0,104.0,102.0,103.0,102.0,99.0,0.8800832665506135,-0.4748193803306704
155.0,132.0,67.0,55.0,55.0,55.0,55.0,115.0,160.0,175.0,154.0,137.0,123.0,90.0,60.0,55.0,55.0,55.0,61.0,159.0,200.0,205.0,196.0,165.0,133.0,112.0,98.0,89.0,87.0,95.0,115.0,135.0,146.0,145.0,143.0,141.0,138.0,132.0,125.0,120.0,120.0,124.0,129.0,133.0,136.0,138.0,141.0,143.0,143.0,143.0,174.0,149.0,110.0,85.0,126.0,135.0,128.0,115.0,118.0,131.0,138.0,122.0,105.0,104.0,103.0,114.0,125.0,128.0,134.0,157.0,170.0,166.0,158.0,140.0,102.0,72.0,69.0,85.0,112.0,153.0,186.0,196.0,188.0,171.0,146.0,117.0,97.0,85.0,82.0,89.0,102.0,114.0,123.0,128.0,128.0,128.0,129.0,133.0,137.0,140.0,0.6648391717368451,-0.7469865298144711
162.0,142.0,113.0,93.0,120.0,121.0,129.0,135.0,151.0,145.0,162.0,153.0,130.0,100.0,110.0,113.0,104.0,107.0,120.0,109.0,103.0,118.0,132.0,133.0,137.0,142.0,138.0,135.0,136.0,136.0,127.0,116.0,106.0,106.0,115.0,128.0,139.0,145.0,145.0,139.0,133.0,128.0,124.0,121.0,119.0,120.0,121.0,121.0,121.0,122.0,121.0,98.0,72.0,101.0,114.0,152.0,139.0,118.0,87.0,73.0,72.0,87.0,106.0,119.0,135.0,147.0,160.0,166.0,162.0,131.0,86.0,55.0,55.0,55.0,62.0,181.0,205.0,205.0,205.0,205.0,150.0,59.0,55.0,55.0,55.0,71.0,157.0,194.0,203.0,189.0,160.0,130.0,106.0,93.0,89.0,92.0,98.0,101.0,104.0,105.0,0.3695451313356325,-0.929212782900736
85.0,97.0,93.0,111.0,128.0,143.0,120.0,118.0,116.0,114.0,109.0,136.0,154.0,150.0,152.0,171.0,170.0,145.0,124.0,109.0,93.0,97.0,117.0,132.0,137.0,140.0,144.0,147.0,146.0,136.0,123.0,114.0,112.0,114.0,122.0,129.0,135.0,141.0,147.0,151.0,152.0,150.0,148.0,147.0,146.0,144.0,141.0,138.0,135.0,132.0,149.0,128.0,99.0,106.0,133.0,163.0,141.0,109.0,88.0,87.0,102.0,121.0,135.0,142.0,152.0,153.0,151.0,143.0,124.0,88.0,55.0,55.0,55.0,60.0,172.0,205.0,205.0,205.0,205.0,102.0,55.0,55.0,55.0,55.0,71.0,172.0,205.0,205.0,205.0,177.0,148.0,126.0,112.0,105.0,103.0,103.0,102.0,100.0,97.0,98.0,0.029756017669946126,-0.9995571916666028
112.0,203.0,106.0,121.0,55.0,66.0,55.0,55.0,74.0,108.0,113.0,158.0,192.0,192.0,172.0,146.0,130.0,119.0,130.0,135.0,131.0,110.0,105.0,107.0,118.0,127.0,136.0,137.0,142.0,145.0,149.0,143.0,132.0,116.0,107.0,102.0,104.0,108.0,116.0,125.0,133.0,139.0,143.0,144.0,145.0,146.0,146.0,146.0,142.0,138.0,55.0,64.0,150.0,134.0,139.0,114.0,140.0,142.0,134.0,94.0,97.0,104.0,121.0,128.0,124.0,124.0,147.0,175.0,177.0,165.0,142.0,109.0,75.0,70.0,87.0,117.0,149.0,178.0,193.0,194.0,181.0,153.0,110.0,70.0,55.0,64.0,104.0,146.0,167.0,156.0,125.0,94.0,78.0,85.0,107.0,132.0,148.0,153.0,149.0,140.0,-0.3136158686370577,-0.9495499391496077
143.0,160.0,132.0,156.0,150.0,123.0,98.0,98.0,99.0,79.0,106.0,129.0,145.0,146.0,172.0,155.0,109.0,70.0,64.0,58.0,72.0,110.0,148.0,164.0,177.0,182.0,170.0,148.0,123.0,102.0,89.0,91.0,102.0,122.0,140.0,150.0,150.0,145.0,136.0,128.0,121.0,117.0,116.0,116.0,117.0,118.0,121.0,124.0,126.0,129.0,171.0,159.0,149.0,132.0,126.0,122.0,93.0,74.0,84.0,109.0,137.0,155.0,161.0,167.0,177.0,171.0,135.0,82.0,55.0,55.0,55.0,101.0,205.0,205.0,205.0,205.0,205.0,195.0,55.0,55.0,55.0,55.0,59.0,149.0,205.0,205.0,205.0,166.0,100.0,55.0,55.0,55.0,55.0,104.0,119.0,122.0,120.0,121.0,128.0,142.0,-0.6192268433025816,-0.7852121474694085
90.0,144.0,67.0,91.0,70.0,111.0,96.0,119.0,138.0,154.0,158.0,171.0,174.0,135.0,126.0,139.0,160.0,159.0,172.0,170.0,146.0,120.0,114.0,107.0,99.0,100.0,112.0,125.0,143.0,155.0,162.0,156.0,141.0,120.0,106.0,100.0,103.0,113.0,126.0,138.0,146.0,151.0,152.0,153.0,151.0,148.0,144.0,139.0,136.0,132.0,202.0,176.0,152.0,136.0,93.0,112.0,100.0,92.0,99.0,143.0,158.0,170.0,153.0,141.0,143.0,137.0,100.0,55.0,55.0,55.0,56.0,176.0,205.0,205.0,205.0,205.0,130.0,55.0,55.0,55.0,55.0,55.0,139.0,205.0,205.0,205.0,205.0,131.0,87.0,56.0,55.0,82.0,112.0,129.0,128.0,116.0,106.0,106.0,118.0,133.0,-0.8502798237645363,-0.5263309047537957
150.0,80.0,55.0,76.0,86.0,96.0,76.0,81.0,115.0,165.0,178.0,179.0,172.0,166.0,158.0,151.0,132.0,92.0,55.0,55.0,81.0,114.0,141.0,159.0,164.0,166.0,171.0,168.0,145.0,112.0,87.0,80.0,92.0,110.0,125.0,136.0,143.0,146.0,147.0,145.0,141.0,138.0,139.0,141.0,142.0,139.0,135.0,133.0,132.0,131.0,135.0,165.0,116.0,143.0,140.0,112.0,90.0,97.0,117.0,127.0,133.0,119.0,134.0,162.0,184.0,172.0,155.0,122.0,85.0,68.0,82.0,109.0,139.0,168.0,187.0,192.0,186.0,167.0,127.0,82.0,55.0,55.0,88.0,140.0,175.0,173.0,139.0,97.0,68.0,68.0,92.0,125.0,150.0,159.0,156.0,145.0,136.0,134.0,138.0,141.0,-0.9789548810836044,-0.20407680123567706
110.0,87.0,126.0,124.0,141.0,147.0,158.0,135.0,129.0,130.0,104.0,63.0,55.0,62.0,64.0,82.0,122.0,157.0,171.0,182.0,182.0,168.0,148.0,124.0,98.0,76.0,70.0,85.0,114.0,142.0,155.0,158.0,154.0,146.0,137.0,130.0,125.0,121.0,119.0,119.0,121.0,124.0,125.0,126.0,128.0,130.0,132.0,134.0,136.0,138.0,157.0,144.0,115.0,99.0,106.0,128.0,139.0,137.0,125.0,122.0,122.0,117.0,101.0,90.0,89.0,103.0,130.0,163.0,191.0,205.0,205.0,187.0,150.0,103.0,57.0,55.0,55.0,55.0,105.0,205.0,205.0,205.0,205.0,205.0,76.0,55.0,55.0,55.0,55.0,82.0,91.0,99.0,108.0,121.0,135.0,148.0,159.0,164.0,163.0,161.0,-0.9897588978642752,0.14274916496601758
114.0,67.0,55.0,68.0,97.0,111.0,108.0,121.0,166.0,180.0,172.0,166.0,181.0,166.0,150.0,135.0,107.0,64.0,55.0,76.0,100.0,118.0,139.0,156.0,166.0,176.0,175.0,157.0,125.0,95.0,78.0,81.0,96.0,113.0,130.0,142.0,147.0,148.0,147.0,143.0,139.0,138.0,137.0,136.0,134.0,131.0,128.0,126.0,124.0,122.0,192.0,139.0,98.0,94.0,122.0,114.0,112.0,120.0,146.0,155.0,151.0,122.0,109.0,106.0,93.0,71.0,61.0,70.0,105.0,164.0,205.0,205.0,205.0,196.0,118.0,57.0,55.0,55.0,55.0,55.0,121.0,205.0,205.0,205.0,205.0,205.0,74.0,55.0,55.0,55.0,103.0,128.0,131.0,119.0,105.0,101.0,109.0,125.0,140.0,149.0,-0.881391016707967,0.47238742115608473
81.0,74.0,86.0,76.0,97.0,133.0,168.0,180.0,174.0,170.0,161.0,156.0,145.0,123.0,78.0,55.0,55.0,91.0,121.0,148.0,161.0,164.0,166.0,171.0,162.0,134.0,103.0,83.0,82.0,96.0,114.0,128.0,138.0,144.0,146.0,146.0,143.0,139.0,137.0,139.0,141.0,141.0,137.0,134.0,132.0,132.0,131.0,128.0,126.0,125.0,154.0,122.0,124.0,117.0,101.0,106.0,116.0,128.0,135.0,119.0,106.0,120.0,138.0,142.0,137.0,132.0,123.0,119.0,125.0,126.0,117.0,106.0,108.0,123.0,142.0,159.0,154.0,120.0,82.0,74.0,108.0,169.0,205.0,205.0,154.0,75.0,55.0,55.0,55.0,124.0,182.0,195.0,179.0,150.0,127.0,119.0,125.0,133.0,133.0,122.0,-0.6668992699189927,0.745147880478442
205.0,158.0,105.0,84.0,91.0,127.0,110.0,95.0,112.0,129.0,116.0,104.0,97.0,76.0,67.0,88.0,119.0,140.0,161.0,179.0,178.0,160.0,135.0,109.0,89.0,80.0,88.0,109.0,134.0,149.0,154.0,153.0,147.0,136.0,126.0,118.0,113.0,111.0,113.0,115.0,117.0,118.0,120.0,124.0,128.0,131.0,133.0,135.0,136.0,137.0,112.0,100.0,119.0,106.0,148.0,128.0,148.0,127.0,125.0,111.0,114.0,104.0,100.0,97.0,99.0,125.0,160.0,194.0,205.0,205.0,185.0,149.0,107.0,68.0,55.0,55.0,55.0,114.0,199.0,205.0,205.0,205.0,205.0,64.0,55.0,55.0,55.0,91.0,110.0,102.0,85.0,74.0,81.0,106.0,138.0,164.0,176.0,176.0,169.0,163.0,-0.3721095314670627,0.9281888259354144
83.0,132.0,92.0,140.0,114.0,163.0,190.0,205.0,205.0,188.0,142.0,71.0,55.0,55.0,55.0,55.0,97.0,181.0,205.0,205.0,205.0,194.0,142.0,97.0,66.0,55.0,55.0,83.0,125.0,159.0,178.0,172.0,157.0,141.0,130.0,123.0,121.0,121.0,122.0,125.0,125.0,126.0,124.0,122.0,121.0,123.0,125.0,124.0,125.0,127.0,180.0,133.0,68.0,71.0,107.0,138.0,137.0,129.0,121.0,116.0,105.0,84.0,80.0,94.0,113.0,134.0,156.0,169.0,183.0,189.0,169.0,118.0,66.0,55.0,55.0,55.0,70.0,187.0,205.0,205.0,205.0,205.0,165.0,55.0,55.0,55.0,55.0,55.0,103.0,159.0,177.0,176.0,164.0,147.0,134.0,127.0,125.0,125.0,124.0,122.0,-0.0325159532102576,0.9994712165874655
117.0,112.0,124.0,170.0,189.0,191.0,162.0,119.0,76.0,71.0,77.0,94.0,125.0,161.0,194.0,205.0,205.0,202.0,140.0,93.0,60.0,55.0,68.0,93.0,123.0,156.0,181.0,185.0,171.0,146.0,121.0,108.0,106.0,107.0,114.0,119.0,125.0,131.0,135.0,135.0,131.0,130.0,129.0,130.0,130.0,128.0,126.0,125.0,126.0,127.0,135.0,123.0,118.0,147.0,148.0,136.0,125.0,127.0,130.0,127.0,117.0,102.0,86.0,92.0,121.0,152.0,167.0,165.0,148.0,126.0,108.0,100.0,86.0,67.0,65.0,96.0,156.0,205.0,205.0,205.0,134.0,66.0,55.0,55.0,109.0,165.0,193.0,188.0,162.0,129.0,109.0,107.0,118.0,128.0,134.0,122.0,108.0,105.0,116.0,129.0,0.31099270766480674,0.9504122977841312
102.0,154.0,143.0,104.0,73.0,59.0,61.0,88.0,117.0,130.0,152.0,176.0,182.0,154.0,112.0,66.0,55.0,55.0,82.0,120.0,156.0,181.0,188.0,183.0,163.0,129.0,97.0,80.0,81.0,97.0,118.0,134.0,143.0,149.0,149.0,142.0,131.0,124.0,124.0,130.0,136.0,137.0,135.0,134.0,134.0,137.0,140.0,141.0,139.0,136.0,165.0,123.0,112.0,116.0,131.0,109.0,104.0,101.0,105.0,100.0,97.0,107.0,147.0,191.0,205.0,205.0,183.0,145.0,109.0,79.0,55.0,55.0,55.0,83.0,165.0,205.0,205.0,205.0,205.0,75.0,55.0,55.0,70.0,119.0,119.0,83.0,55.0,55.0,55.0,96.0,167.0,202.0,205.0,192.0,169.0,155.0,151.0,150.0,143.0,129.0,0.6170562985365092,0.7869190075455176
62.0,115.0,137.0,203.0,205.0,205.0,205.0,188.0,97.0,55.0,55.0,55.0,55.0,58.0,154.0,196.0,205.0,205.0,205.0,194.0,120.0,76.0,55.0,55.0,74.0,112.0,134.0,147.0,157.0,163.0,166.0,155.0,140.0,124.0,116.0,111.0,115.0,117.0,120.0,121.0,126.0,129.0,129.0,128.0,126.0,127.0,129.0,130.0,131.0,132.0,159.0,143.0,108.0,115.0,121.0,140.0,121.0,89.0,68.0,84.0,108.0,130.0,150.0,163.0,176.0,189.0,182.0,139.0,86.0,55.0,55.0,55.0,55.0,131.0,205.0,205.0,205.0,205.0,205.0,63.0,55.0,55.0,55.0,55.0,68.0,147.0,173.0,179.0,169.0,154.0,139.0,129.0,126.0,126.0,125.0,123.0,120.0,114.0,109.0,106.0,0.848823239598617,0.5286767518222347
121.0,160.0,189.0,177.0,135.0,86.0,55.0,62.0,78.0,103.0,140.0,183.0,205.0,205.0,204.0,125.0,58.0,55.0,55.0,55.0,67.0,136.0,174.0,200.0,205.0,194.0,154.0,104.0,71.0,67.0,84.0,110.0,131.0,142.0,147.0,146.0,141.0,133.0,125.0,121.0,121.0,123.0,124.0,122.0,121.0,121.0,124.0,126.0,127.0,126.0,160.0,102.0,104.0,119.0,155.0,153.0,128.0,105.0,94.0,112.0,137.0,149.0,130.0,107.0,91.0,105.0,136.0,164.0,155.0,111.0,69.0,65.0,110.0,176.0,205.0,205.0,132.0,62.0,55.0,55.0,95.0,176.0,205.0,205.0,166.0,127.0,107.0,111.0,128.0,138.0,131.0,115.0,101.0,101.0,111.0,124.0,129.0,125.0,118.0,117.0,0.9783876375017205,0.20677918363269046
116.0,55.0,55.0,55.0,80.0,88.0,111.0,148.0,175.0,198.0,195.0,160.0,105.0,65.0,55.0,55.0,55.0,104.0,141.0,174.0,193.0,193.0,180.0,156.0,122.0,93.0,78.0,81.0,97.0,120.0,137.0,145.0,146.0,142.0,136.0,133.0,130.0,129.0,131.0,133.0,136.0,137.0,138.0,139.0,140.0,139.0,138.0,137.0,136.0,136.0,119.0,90.0,124.0,131.0,164.0,110.0,107.0,103.0,132.0,147.0,157.0,147.0,144.0,143.0,143.0,150.0,136.0,99.0,60.0,55.0,69.0,131.0,193.0,205.0,185.0,136.0,94.0,82.0,113.0,162.0,178.0,146.0,87.0,55.0,55.0,55.0,102.0,200.0,205.0,205.0,204.0,147.0,122.0,116.0,119.0,119.0,112.0,100.0,95.0,99.0,0.9901492938172013,-0.14001562753242053
150.0,155.0,125.0,180.0,156.0,174.0,78.0,55.0,55.0,55.0,55.0,128.0,161.0,187.0,190.0,205.0,180.0,111.0,58.0,55.0,55.0,55.0,96.0,160.0,183.0,191.0,190.0,170.0,145.0,116.0,96.0,88.0,97.0,110.0,127.0,137.0,142.0,141.0,139.0,133.0,127.0,123.0,122.0,124.0,126.0,127.0,128.0,129.0,132.0,134.0,110.0,108.0,121.0,118.0,130.0,109.0,126.0,139.0,145.0,125.0,125.0,124.0,128.0,114.0,99.0,89.0,90.0,99.0,120.0,145.0,162.0,180.0,188.0,172.0,133.0,97.0,65.0,55.0,55.0,116.0,173.0,205.0,205.0,176.0,123.0,93.0,101.0,134.0,163.0,168.0,146.0,109.0,79.0,68.0,75.0,93.0,111.0,122.0,129.0,135.0,0.8826920465797318,-0.4699518601994088
176.0,108.0,64.0,55.0,77.0,89.0,111.0,149.0,192.0,205.0,205.0,178.0,104.0,55.0,55.0,55.0,55.0,89.0,148.0,184.0,205.0,205.0,185.0,139.0,93.0,67.0,71.0,92.0,118.0,137.0,145.0,148.0,146.0,139.0,131.0,122.0,121.0,123.0,125.0,124.0,122.0,123.0,124.0,126.0,122.0,122.0,126.0,129.0,130.0,129.0,116.0,113.0,114.0,111.0,101.0,125.0,142.0,145.0,142.0,135.0,123.0,112.0,101.0,91.0,93.0,100.0,104.0,112.0,131.0,159.0,188.0,194.0,159.0,98.0,55.0,55.0,55.0,82.0,177.0,205.0,205.0,204.0,140.0,89.0,68.0,84.0,123.0,159.0,176.0,169.0,147.0,125.0,110.0,103.0,101.0,102.0,105.0,111.0,117.0,123.0,0.6689542832370169,-0.7433035496611388
77.0,71.0,55.0,59.0,140.0,169.0,183.0,161.0,150.0,109.0,98.0,57.0,62.0,69.0,113.0,142.0,175.0,175.0,168.0,144.0,119.0,99.0,91.0,94.0,110.0,134.0,151.0,158.0,154.0,140.0,122.0,111.0,108.0,115.0,127.0,138.0,140.0,137.0,134.0,135.0,137.0,137.0,134.0,133.0,133.0,134.0,135.0,136.0,136.0,136.0,184.0,169.0,116.0,124.0,137.0,153.0,147.0,141.0,130.0,128.0,120.0,118.0,125.0,126.0,120.0,113.0,107.0,111.0,140.0,162.0,151.0,121.0,99.0,91.0,112.0,156.0,190.0,179.0,129.0,68.0,55.0,55.0,66.0,171.0,205.0,205.0,205.0,168.0,114.0,88.0,89.0,100.0,111.0,113.0,108.0,106.0,110.0,119.0,128.0,134.0,0.3746710943988053,-0.9271577918682459
145.0,55.0,55.0,55.0,75.0,80.0,124.0,112.0,190.0,179.0,194.0,167.0,150.0,89.0,56.0,55.0,55.0,55.0,55.0,72.0,164.0,205.0,205.0,205.0,197.0,162.0,120.0,90.0,63.0,56.0,57.0,95.0,132.0,161.0,175.0,174.0,163.0,151.0,137.0,130.0,124.0,122.0,123.0,127.0,129.0,129.0,129.0,131.0,134.0,136.0,158.0,113.0,127.0,146.0,140.0,126.0,128.0,125.0,121.0,106.0,92.0,90.0,94.0,113.0,137.0,159.0,173.0,189.0,182.0,147.0,108.0,80.0,58.0,57.0,95.0,152.0,199.0,205.0,191.0,139.0,98.0,94.0,124.0,162.0,179.0,162.0,120.0,79.0,59.0,61.0,80.0,110.0,131.0,136.0,129.0,127.0,134.0,147.0,156.0,154.0,0.03527564082826553,-0.9993776209042081
111.0,125.0,145.0,184.0,200.0,183.0,132.0,78.0,55.0,55.0,55.0,95.0,124.0,149.0,176.0,193.0,196.0,175.0,134.0,92.0,69.0,72.0,92.0,117.0,138.0,148.0,152.0,149.0,142.0,134.0,128.0,124.0,125.0,125.0,124.0,122.0,121.0,122.0,123.0,123.0,122.0,121.0,125.0,130.0,134.0,130.0,125.0,125.0,130.0,135.0,132.0,106.0,115.0,127.0,140.0,128.0,111.0,102.0,103.0,101.0,111.0,123.0,133.0,141.0,148.0,148.0,144.0,136.0,117.0,93.0,77.0,76.0,97.0,140.0,187.0,205.0,205.0,182.0,126.0,75.0,55.0,64.0,102.0,143.0,167.0,167.0,149.0,128.0,114.0,109.0,111.0,115.0,118.0,120.0,121.0,122.0,124.0,125.0,127.0,127.0,-0.30836717548638676,-0.9512674098709301
79.0,80.0,81.0,77.0,65.0,80.0,111.0,154.0,179.0,181.0,153.0,128.0,94.0,60.0,55.0,55.0,55.0,64.0,146.0,188.0,205.0,205.0,183.0,146.0,116.0,97.0,86.0,85.0,94.0,109.0,129.0,146.0,153.0,153.0,148.0,139.0,132.0,126.0,123.0,122.0,124.0,126.0,130.0,132.0,134.0,135.0,137.0,138.0,139.0,139.0,165.0,142.0,118.0,113.0,124.0,134.0,132.0,130.0,141.0,146.0,147.0,134.0,108.0,93.0,100.0,110.0,113.0,126.0,142.0,157.0,180.0,198.0,187.0,140.0,80.0,55.0,55.0,55.0,96.0,192.0,205.0,205.0,199.0,133.0,97.0,88.0,99.0,115.0,124.0,122.0,115.0,112.0,114.0,121.0,128.0,132.0,133.0,133.0,135.0,139.0,-0.6148810489408434,-0.7886198676507004
69.0,137.0,153.0,166.0,162.0,160.0,117.0,89.0,56.0,55.0,55.0,55.0,68.0,158.0,200.0,200.0,174.0,158.0,144.0,120.0,102.0,87.0,76.0,91.0,125.0,151.0,158.0,153.0,139.0,129.0,128.0,129.0,131.0,130.0,129.0,127.0,126.0,123.0,120.0,121.0,126.0,131.0,134.0,135.0,136.0,138.0,141.0,144.0,144.0,143.0,172.0,146.0,106.0,110.0,121.0,148.0,141.0,113.0,93.0,102.0,123.0,145.0,148.0,133.0,123.0,133.0,151.0,161.0,160.0,131.0,90.0,74.0,98.0,143.0,179.0,185.0,154.0,108.0,86.0,102.0,143.0,177.0,182.0,154.0,109.0,75.0,65.0,79.0,105.0,128.0,135.0,131.0,125.0,125.0,135.0,146.0,152.0,147.0,137.0,128.0,-0.8473601834645577,-0.5310185679229222
131.0,166.0,95.0,72.0,55.0,55.0,82.0,118.0,149.0,162.0,182.0,194.0,205.0,175.0,142.0,102.0,76.0,67.0,102.0,128.0,128.0,126.0,132.0,130.0,136.0,151.0,151.0,138.0,127.0,120.0,117.0,118.0,117.0,115.0,115.0,118.0,120.0,125.0,128.0,130.0,132.0,135.0,134.0,133.0,131.0,131.0,131.0,129.0,126.0,123.0,128.0,94.0,94.0,101.0,108.0,119.0,128.0,135.0,135.0,121.0,105.0,98.0,99.0,102.0,109.0,117.0,126.0,137.0,149.0,155.0,149.0,129.0,97.0,68.0,56.0,68.0,106.0,157.0,202.0,205.0,205.0,205.0,149.0,82.0,55.0,55.0,55.0,86.0,168.0,203.0,205.0,183.0,150.0,120.0,102.0,97.0,100.0,104.0,106.0,106.0,-0.9778129340703283,-0.2094799894137283
148.0,109.0,150.0,81.0,99.0,55.0,74.0,78.0,111.0,96.0,115.0,128.0,128.0,117.0,114.0,112.0,102.0,122.0,155.0,173.0,163.0,158.0,144.0,125.0,113.0,108.0,102.0,103.0,117.0,139.0,155.0,162.0,153.0,139.0,125.0,117.0,112.0,114.0,116.0,121.0,128.0,135.0,138.0,140.0,142.0,144.0,147.0,148.0,148.0,147.0,67.0,87.0,128.0,140.0,137.0,130.0,134.0,117.0,108.0,85.0,109.0,127.0,157.0,169.0,171.0,158.0,158.0,150.0,122.0,82.0,55.0,55.0,55.0,128.0,197.0,205.0,205.0,205.0,157.0,121.0,101.0,85.0,61.0,55.0,55.0,55.0,106.0,180.0,205.0,205.0,179.0,133.0,101.0,93.0,106.0,129.0,138.0,130.0,116.0,108.0,-0.9905321402422731,0.13728102253065338
63.0,62.0,55.0,55.0,55.0,76.0,140.0,183.0,167.0,143.0,127.0,103.0,72.0,56.0,55.0,55.0,55.0,126.0,191.0,205.0,205.0,178.0,145.0,119.0,104.0,94.0,89.0,92.0,105.0,123.0,139.0,146.0,149.0,146.0,141.0,132.0,125.0,121.0,121.0,124.0,128.0,132.0,135.0,137.0,139.0,143.0,144.0,144.0,143.0,142.0,157.0,92.0,95.0,116.0,156.0,136.0,110.0,99.0,105.0,124.0,129.0,135.0,129.0,131.0,128.0,141.0,143.0,132.0,105.0,75.0,55.0,58.0,108.0,159.0,186.0,191.0,177.0,151.0,131.0,122.0,116.0,107.0,99.0,92.0,91.0,100.0,124.0,155.0,182.0,195.0,188.0,168.0,143.0,125.0,112.0,104.0,97.0,90.0,94.0,93.0,-0.8839863462460288,0.4675127160309077
151.0,93.0,123.0,136.0,168.0,164.0,165.0,148.0,107.0,104.0,112.0,109.0,88.0,112.0,129.0,137.0,147.0,170.0,152.0,119.0,108.0,111.0,105.0,112.0,125.0,131.0,133.0,138.0,141.0,138.0,133.0,124.0,121.0,122.0,125.0,127.0,130.0,130.0,129.0,128.0,126.0,124.0,122.0,121.0,121.0,121.0,124.0,126.0,128.0,126.0,147.0,127.0,116.0,129.0,120.0,115.0,99.0,93.0,98.0,110.0,122.0,128.0,138.0,148.0,155.0,147.0,124.0,90.0,63.0,55.0,73.0,114.0,164.0,205.0,205.0,205.0,205.0,138.0,73.0,55.0,55.0,55.0,99.0,177.0,205.0,205.0,177.0,141.0,114.0,100.0,97.0,101.0,104.0,110.0,110.0,108.0,104.0,107.0,116.0,127.0,-0.6710041960221925,0.7414535514249097
79.0,56.0,93.0,87.0,112.0,88.0,113.0,132.0,140.0,118.0,119.0,115.0,108.0,116.0,143.0,155.0,147.0,158.0,175.0,164.0,137.0,119.0,102.0,91.0,103.0,124.0,134.0,138.0,140.0,146.0,147.0,144.0,131.0,120.0,113.0,112.0,116.0,123.0,129.0,137.0,147.0,153.0,151.0,147.0,145.0,147.0,149.0,147.0,143.0,139.0,174.0,146.0,143.0,117.0,92.0,101.0,123.0,153.0,156.0,138.0,119.0,133.0,159.0,165.0,138.0,93.0,55.0,55.0,85.0,158.0,205.0,205.0,205.0,161.0,128.0,110.0,92.0,67.0,55.0,55.0,71.0,143.0,204.0,205.0,205.0,171.0,110.0,70.0,62.0,83.0,113.0,135.0,138.0,127.0,116.0,115.0,125.0,139.0,148.0,148.0,-0.377229800599865,0.9261196885604939
126.0,191.0,108.0,87.0,55.0,55.0,55.0,62.0,97.0,101.0,137.0,167.0,202.0,181.0,164.0,135.0,126.0,121.0,136.0,137.0,125.0,107.0,105.0,110.0,121.0,131.0,136.0,138.0,143.0,148.0,148.0,141.0,127.0,112.0,104.0,102.0,104.0,111.0,119.0,129.0,136.0,142.0,143.0,145.0,145.0,147.0,146.0,149.0,143.0,134.0,142.0,133.0,160.0,143.0,119.0,92.0,126.0,117.0,110.0,125.0,139.0,147.0,138.0,133.0,133.0,146.0,128.0,98.0,61.0,55.0,69.0,139.0,190.0,205.0,197.0,170.0,133.0,114.0,113.0,108.0,95.0,82.0,77.0,89.0,126.0,175.0,205.0,205.0,184.0,142.0,109.0,99.0,108.0,121.0,124.0,116.0,103.0,94.0,97.0,108.0,-0.038035059482361536,0.9992764053304637
172.0,116.0,180.0,132.0,173.0,94.0,108.0,92.0,103.0,81.0,118.0,136.0,143.0,156.0,171.0,144.0,90.0,70.0,68.0,72.0,91.0,133.0,155.0,166.0,173.0,174.0,156.0,136.0,112.0,98.0,93.0,102.0,115.0,133.0,145.0,152.0,145.0,138.0,128.0,123.0,120.0,118.0,118.0,117.0,118.0,120.0,124.0,126.0,128.0,130.0,137.0,67.0,86.0,92.0,118.0,113.0,117.0,120.0,133.0,127.0,115.0,103.0,91.0,86.0,85.0,96.0,113.0,138.0,155.0,165.0,165.0,158.0,138.0,107.0,71.0,55.0,55.0,61.0,152.0,205.0,205.0,205.0,205.0,119.0,55.0,55.0,55.0,56.0,145.0,186.0,188.0,163.0,129.0,106.0,97.0,99.0,104.0,109.0,112.0,114.0,0.3057392921205298,0.9521152688900842
59.0,75.0,116.0,122.0,141.0,136.0,141.0,166.0,170.0,143.0,120.0,146.0,164.0,167.0,163.0,151.0,107.0,81.0,85.0,101.0,106.0,120.0,136.0,149.0,160.0,168.0,161.0,140.0,115.0,95.0,90.0,97.0,111.0,127.0,141.0,149.0,153.0,153.0,151.0,149.0,147.0,145.0,142.0,139.0,135.0,131.0,129.0,126.0,124.0,120.0,153.0,77.0,67.0,104.0,125.0,128.0,115.0,115.0,141.0,144.0,131.0,104.0,93.0,90.0,106.0,123.0,138.0,148.0,154.0,153.0,148.0,138.0,113.0,76.0,55.0,55.0,55.0,97.0,197.0,205.0,205.0,205.0,205.0,75.0,55.0,55.0,55.0,55.0,108.0,194.0,205.0,205.0,190.0,161.0,136.0,120.0,110.0,106.0,105.0,105.0,0.6127011111010393,0.7903147148165419
78.0,74.0,71.0,93.0,88.0,87.0,76.0,98.0,145.0,174.0,182.0,177.0,175.0,160.0,153.0,143.0,120.0,74.0,55.0,57.0,99.0,129.0,153.0,165.0,167.0,171.0,173.0,159.0,130.0,101.0,84.0,86.0,102.0,119.0,132.0,141.0,147.0,148.0,148.0,144.0,140.0,140.0,142.0,143.0,142.0,138.0,135.0,134.0,133.0,132.0,182.0,152.0,98.0,90.0,124.0,133.0,120.0,120.0,119.0,135.0,132.0,116.0,102.0,107.0,105.0,113.0,121.0,127.0,143.0,166.0,171.0,161.0,153.0,127.0,89.0,68.0,73.0,92.0,123.0,164.0,193.0,197.0,186.0,166.0,137.0,109.0,89.0,80.0,82.0,93.0,109.0,121.0,128.0,130.0,128.0,126.0,129.0,133.0,137.0,141.0,0.8458906665176079,0.5333563352003959
89.0,82.0,110.0,137.0,133.0,133.0,154.0,149.0,132.0,130.0,120.0,80.0,55.0,55.0,65.0,70.0,98.0,140.0,165.0,179.0,186.0,180.0,158.0,132.0,107.0,86.0,75.0,79.0,99.0,125.0,147.0,157.0,158.0,152.0,142.0,133.0,126.0,122.0,119.0,119.0,120.0,123.0,125.0,126.0,127.0,129.0,131.0,133.0,135.0,136.0,165.0,101.0,63.0,78.0,100.0,135.0,132.0,125.0,117.0,107.0,93.0,77.0,76.0,89.0,110.0,128.0,144.0,154.0,164.0,166.0,151.0,111.0,63.0,55.0,55.0,55.0,113.0,205.0,205.0,205.0,205.0,205.0,78.0,55.0,55.0,55.0,55.0,109.0,178.0,202.0,199.0,177.0,146.0,117.0,98.0,90.0,91.0,95.0,100.0,103.0,0.977533583213888,0.21077972788913274
152.0,111.0,166.0,144.0,179.0,152.0,179.0,189.0,175.0,152.0,138.0,115.0,60.0,55.0,55.0,55.0,84.0,144.0,193.0,205.0,205.0,205.0,171.0,126.0,86.0,60.0,55.0,55.0,95.0,138.0,168.0,179.0,172.0,158.0,146.0,135.0,130.0,128.0,129.0,128.0,129.0,128.0,125.0,122.0,119.0,120.0,125.0,129.0,128.0,123.0,143.0,164.0,168.0,153.0,115.0,113.0,106.0,94.0,109.0,130.0,155.0,165.0,164.0,150.0,149.0,139.0,109.0,65.0,55.0,55.0,55.0,152.0,205.0,205.0,205.0,205.0,205.0,55.0,55.0,55.0,55.0,55.0,96.0,199.0,205.0,205.0,205.0,205.0,126.0,78.0,56.0,56.0,76.0,97.0,110.0,113.0,113.0,115.0,124.0,137.0,0.9903911953891466,-0.1382941795436717
79.0,67.0,148.0,119.0,171.0,152.0,201.0,192.0,205.0,164.0,111.0,55.0,55.0,55.0,67.0,131.0,171.0,201.0,205.0,205.0,189.0,145.0,99.0,65.0,55.0,66.0,86.0,114.0,142.0,166.0,175.0,170.0,151.0,127.0,111.0,110.0,116.0,126.0,129.0,131.0,133.0,135.0,135.0,133.0,131.0,128.0,128.0,127.0,127.0,126.0,142.0,163.0,137.0,126.0,123.0,154.0,148.0,111.0,90.0,98.0,117.0,132.0,133.0,122.0,138.0,169.0,185.0,173.0,154.0,120.0,84.0,70.0,85.0,113.0,144.0,175.0,193.0,197.0,187.0,164.0,122.0,78.0,55.0,55.0,91.0,143.0,177.0,174.0,142.0,100.0,72.0,70.0,92.0,122.0,146.0,156.0,155.0,147.0,139.0,138.0,0.8838391964232929,-0.4677908452137855
128.0,96.0,89.0,139.0,122.0,82.0,55.0,55.0,55.0,59.0,130.0,163.0,171.0,187.0,192.0,169.0,123.0,72.0,55.0,55.0,55.0,90.0,145.0,176.0,191.0,191.0,182.0,157.0,122.0,92.0,80.0,86.0,105.0,124.0,136.0,139.0,138.0,133.0,129.0,126.0,123.0,123.0,127.0,132.0,135.0,136.0,137.0,138.0,139.0,141.0,180.0,159.0,132.0,129.0,138.0,130.0,101.0,85.0,91.0,118.0,141.0,145.0,136.0,139.0,145.0,144.0,128.0,104.0,75.0,63.0,84.0,136.0,198.0,205.0,205.0,205.0,205.0,98.0,55.0,55.0,55.0,55.0,123.0,205.0,205.0,205.0,205.0,126.0,74.0,55.0,55.0,55.0,55.0,99.0,112.0,117.0,121.0,127.0,137.0,150.0,0.6714286290311052,-0.7410692249158715
123.0,83.0,111.0,130.0,169.0,158.0,155.0,160.0,143.0,105.0,65.0,63.0,56.0,68.0,106.0,151.0,160.0,166.0,175.0,172.0,144.0,119.0,96.0,79.0,86.0,113.0,140.0,152.0,149.0,139.0,132.0,132.0,132.0,131.0,130.0,127.0,123.0,121.0,118.0,114.0,113.0,114.0,117.0,120.0,122.0,123.0,126.0,128.0,130.0,132.0,180.0,153.0,155.0,104.0,122.0,103.0,99.0,97.0,129.0,151.0,168.0,163.0,148.0,147.0,141.0,114.0,67.0,55.0,55.0,55.0,137.0,205.0,205.0,205.0,205.0,205.0,55.0,55.0,55.0,55.0,55.0,78.0,204.0,205.0,205.0,205.0,183.0,123.0,81.0,60.0,62.0,80.0,100.0,112.0,114.0,113.0,113.0,121.0,133.0,147.0,0.3787470210106093,-0.9255002399111462
145.0,78.0,110.0,151.0,201.0,191.0,154.0,95.0,60.0,62.0,80.0,98.0,131.0,173.0,205.0,205.0,205.0,148.0,76.0,55.0,55.0,55.0,58.0,128.0,166.0,197.0,205.0,205.0,169.0,118.0,80.0,68.0,81.0,106.0,129.0,143.0,148.0,149.0,145.0,138.0,130.0,124.0,123.0,125.0,126.0,124.0,123.0,123.0,125.0,127.0,205.0,146.0,101.0,134.0,119.0,116.0,85.0,95.0,110.0,145.0,135.0,120.0,124.0,157.0,183.0,178.0,154.0,113.0,76.0,64.0,88.0,119.0,146.0,165.0,177.0,178.0,174.0,162.0,129.0,85.0,58.0,66.0,111.0,167.0,197.0,177.0,116.0,58.0,55.0,55.0,92.0,162.0,194.0,195.0,173.0,146.0,127.0,124.0,130.0,135.0,0.04091681611458763,-0.9991625564236507
182.0,167.0,146.0,98.0,57.0,55.0,55.0,55.0,55.0,112.0,164.0,204.0,205.0,205.0,145.0,85.0,55.0,55.0,55.0,55.0,123.0,165.0,190.0,194.0,185.0,161.0,126.0,96.0,82.0,85.0,101.0,121.0,135.0,141.0,140.0,135.0,129.0,124.0,120.0,120.0,122.0,126.0,128.0,130.0,133.0,135.0,137.0,138.0,138.0,136.0,143.0,140.0,128.0,124.0,106.0,108.0,120.0,131.0,134.0,131.0,123.0,125.0,120.0,108.0,93.0,88.0,94.0,115.0,147.0,178.0,201.0,205.0,203.0,169.0,126.0,78.0,55.0,55.0,55.0,57.0,170.0,205.0,205.0,205.0,205.0,205.0,55.0,55.0,55.0,55.0,55.0,90.0,100.0,105.0,113.0,125.0,140.0,154.0,163.0,165.0,-0.30163457370304986,-0.9534236120146068
178.0,160.0,166.0,174.0,178.0,146.0,65.0,55.0,55.0,55.0,55.0,103.0,187.0,205.0,205.0,205.0,177.0,113.0,57.0,55.0,55.0,55.0,107.0,152.0,173.0,180.0,179.0,166.0,143.0,119.0,101.0,98.0,107.0,118.0,127.0,129.0,128.0,124.0,121.0,119.0,117.0,116.0,117.0,121.0,125.0,128.0,129.0,131.0,132.0,134.0,168.0,120.0,71.0,78.0,108.0,163.0,151.0,138.0,122.0,115.0,112.0,89.0,61.0,55.0,70.0,100.0,154.0,203.0,205.0,205.0,205.0,126.0,55.0,55.0,55.0,55.0,55.0,84.0,205.0,205.0,205.0,205.0,205.0,200.0,55.0,55.0,55.0,55.0,65.0,136.0,160.0,164.0,153.0,139.0,131.0,128.0,130.0,132.0,131.0,128.0,-0.60801860086403,-0.7939227802521774
205.0,180.0,136.0,82.0,60.0,66.0,80.0,99.0,135.0,180.0,205.0,205.0,205.0,131.0,63.0,55.0,55.0,55.0,66.0,134.0,172.0,200.0,205.0,197.0,158.0,108.0,74.0,67.0,83.0,109.0,131.0,143.0,147.0,147.0,142.0,134.0,127.0,122.0,122.0,124.0,125.0,123.0,121.0,121.0,124.0,126.0,127.0,126.0,125.0,126.0,127.0,122.0,105.0,105.0,108.0,131.0,140.0,121.0,105.0,116.0,138.0,146.0,140.0,132.0,124.0,119.0,126.0,129.0,120.0,108.0,107.0,121.0,141.0,159.0,158.0,127.0,88.0,73.0,99.0,158.0,205.0,205.0,169.0,89.0,55.0,55.0,55.0,104.0,178.0,197.0,183.0,156.0,130.0,120.0,124.0,133.0,134.0,125.0,113.0,106.0,-0.8417622931583546,-0.5398483507586074
55.0,55.0,91.0,112.0,134.0,153.0,173.0,173.0,149.0,114.0,76.0,55.0,56.0,85.0,114.0,148.0,173.0,184.0,179.0,165.0,135.0,104.0,85.0,84.0,99.0,121.0,138.0,145.0,145.0,140.0,134.0,129.0,125.0,122.0,123.0,125.0,128.0,130.0,131.0,132.0,134.0,136.0,137.0,137.0,136.0,135.0,133.0,133.0,137.0,139.0,103.0,111.0,130.0,136.0,140.0,135.0,141.0,131.0,115.0,111.0,102.0,103.0,101.0,104.0,117.0,156.0,190.0,205.0,205.0,199.0,154.0,113.0,76.0,55.0,55.0,55.0,111.0,187.0,205.0,205.0,205.0,205.0,70.0,55.0,55.0,55.0,87.0,127.0,119.0,93.0,67.0,63.0,84.0,120.0,155.0,176.0,181.0,176.0,169.0,164.0,-0.9751367496680161,-0.2216039698355985
180.0,92.0,124.0,58.0,74.0,55.0,55.0,55.0,111.0,158.0,186.0,196.0,205.0,180.0,110.0,57.0,55.0,55.0,55.0,55.0,79.0,183.0,205.0,205.0,205.0,181.0,143.0,110.0,81.0,65.0,65.0,86.0,115.0,142.0,157.0,162.0,155.0,145.0,133.0,126.0,121.0,118.0,118.0,121.0,126.0,128.0,130.0,132.0,134.0,135.0,142.0,79.0,68.0,94.0,140.0,133.0,130.0,119.0,121.0,116.0,96.0,76.0,82.0,105.0,128.0,152.0,163.0,172.0,184.0,183.0,148.0,95.0,55.0,55.0,55.0,55.0,124.0,205.0,205.0,205.0,205.0,205.0,70.0,55.0,55.0,55.0,55.0,66.0,143.0,171.0,179.0,171.0,156.0,140.0,129.0,125.0,126.0,125.0,123.0,120.0,-0.9924254013945969,0.12284877967148583
87.0,55.0,55.0,76.0,130.0,155.0,177.0,205.0,205.0,205.0,167.0,86.0,55.0,55.0,55.0,55.0,102.0,159.0,189.0,205.0,205.0,192.0,149.0,99.0,66.0,61.0,78.0,105.0,128.0,141.0,148.0,149.0,145.0,138.0,132.0,128.0,129.0,131.0,132.0,129.0,127.0,127.0,128.0,129.0,128.0,126.0,124.0,126.0,127.0,129.0,133.0,110.0,100.0,122.0,148.0,155.0,135.0,117.0,124.0,136.0,133.0,120.0,103.0,85.0,89.0,117.0,148.0,166.0,165.0,152.0,130.0,111.0,102.0,89.0,70.0,63.0,88.0,144.0,204.0,205.0,205.0,151.0,77.0,55.0,55.0,96.0,156.0,190.0,191.0,167.0,135.0,112.0,107.0,116.0,127.0,129.0,122.0,113.0,110.0,116.0,-0.8917494405815953,0.45252948547294886
129.0,107.0,138.0,132.0,124.0,88.0,64.0,55.0,73.0,109.0,140.0,163.0,173.0,169.0,152.0,117.0,74.0,55.0,55.0,86.0,124.0,156.0,176.0,181.0,176.0,161.0,132.0,103.0,86.0,85.0,99.0,121.0,139.0,146.0,145.0,140.0,133.0,129.0,125.0,122.0,123.0,126.0,129.0,130.0,132.0,133.0,134.0,135.0,137.0,136.0,163.0,141.0,114.0,117.0,122.0,136.0,109.0,101.0,103.0,107.0,103.0,96.0,108.0,153.0,201.0,205.0,205.0,177.0,141.0,109.0,82.0,55.0,55.0,55.0,90.0,176.0,205.0,205.0,205.0,205.0,68.0,55.0,55.0,80.0,124.0,118.0,81.0,55.0,55.0,55.0,104.0,172.0,205.0,205.0,191.0,169.0,156.0,152.0,150.0,144.0,-0.6852417037718599,0.7283157333271324
118.0,71.0,73.0,77.0,117.0,152.0,144.0,165.0,164.0,157.0,104.0,82.0,55.0,55.0,55.0,55.0,107.0,192.0,205.0,205.0,196.0,173.0,134.0,101.0,78.0,60.0,60.0,91.0,131.0,159.0,172.0,168.0,155.0,139.0,131.0,122.0,121.0,119.0,119.0,121.0,124.0,125.0,125.0,129.0,132.0,135.0,137.0,138.0,139.0,140.0,129.0,120.0,108.0,117.0,140.0,134.0,114.0,79.0,73.0,89.0,113.0,130.0,151.0,165.0,179.0,190.0,177.0,132.0,79.0,55.0,55.0,55.0,55.0,140.0,205.0,205.0,205.0,205.0,205.0,56.0,55.0,55.0,55.0,55.0,88.0,151.0,175.0,178.0,168.0,152.0,137.0,128.0,125.0,124.0,122.0,123.0,124.0,118.0,109.0,102.0,-0.39755761456104816,0.9175772137016749
105.0,184.0,157.0,205.0,168.0,167.0,93.0,77.0,55.0,63.0,79.0,113.0,134.0,156.0,176.0,193.0,203.0,187.0,159.0,126.0,98.0,79.0,87.0,98.0,108.0,117.0,126.0,130.0,142.0,155.0,163.0,158.0,143.0,122.0,107.0,100.0,101.0,107.0,115.0,122.0,126.0,130.0,132.0,133.0,132.0,132.0,132.0,132.0,132.0,131.0,121.0,106.0,107.0,126.0,109.0,92.0,92.0,116.0,141.0,155.0,150.0,132.0,127.0,125.0,123.0,118.0,97.0,67.0,56.0,80.0,137.0,205.0,205.0,205.0,146.0,64.0,55.0,55.0,57.0,162.0,205.0,205.0,175.0,114.0,66.0,56.0,83.0,128.0,165.0,180.0,172.0,154.0,136.0,123.0,113.0,106.0,101.0,102.0,107.0,115.0,-0.06290895955514401,0.9980192697576983
55.0,55.0,55.0,98.0,154.0,163.0,164.0,145.0,140.0,115.0,84.0,55.0,55.0,55.0,55.0,98.0,135.0,147.0,160.0,174.0,170.0,151.0,137.0,126.0,117.0,115.0,115.0,108.0,105.0,110.0,124.0,140.0,149.0,151.0,148.0,143.0,136.0,131.0,127.0,124.0,123.0,125.0,128.0,132.0,134.0,136.0,137.0,139.0,141.0,144.0,141.0,160.0,157.0,122.0,130.0,142.0,150.0,140.0,140.0,134.0,133.0,121.0,117.0,123.0,127.0,122.0,114.0,107.0,111.0,140.0,162.0,152.0,122.0,100.0,91.0,111.0,156.0,190.0,181.0,132.0,72.0,55.0,55.0,61.0,174.0,205.0,205.0,205.0,165.0,113.0,89.0,90.0,102.0,112.0,113.0,108.0,105.0,111.0,120.0,129.0,0.2790200622564837,0.9602852726447427
133.0,99.0,113.0,80.0,58.0,55.0,55.0,73.0,134.0,175.0,184.0,159.0,136.0,106.0,67.0,56.0,57.0,78.0,111.0,163.0,197.0,202.0,186.0,154.0,115.0,92.0,82.0,89.0,104.0,125.0,139.0,149.0,149.0,142.0,134.0,131.0,129.0,128.0,129.0,131.0,133.0,136.0,139.0,141.0,143.0,145.0,144.0,143.0,141.0,141.0,153.0,136.0,122.0,105.0,133.0,156.0,148.0,122.0,123.0,126.0,128.0,112.0,96.0,89.0,91.0,111.0,136.0,158.0,172.0,186.0,186.0,159.0,118.0,80.0,55.0,55.0,91.0,150.0,197.0,205.0,200.0,146.0,102.0,94.0,122.0,160.0,179.0,165.0,125.0,84.0,64.0,68.0,85.0,104.0,119.0,128.0,133.0,136.0,140.0,147.0,0.5877852522924802,0.8090169943749422
