0.0,15.629999999999999
0.1,15.600723182375813
0.2,15.56885977606985
0.30000000000000004,15.534529946171602
0.4,15.497853857770567
0.5,15.45895167595623
0.6000000000000001,15.417943565818089
0.7000000000000001,15.37494969244563
0.8,15.330090220928351
0.9,15.283485316355737
1.0,15.23525514381729
1.1,15.185519868402498
1.2000000000000002,15.134399655200848
1.3,15.08201466930184
1.4000000000000001,15.028485075794961
1.5,14.973931039769706
1.6,14.918472726315565
1.7000000000000002,14.862230300522032
1.8,14.8053239274786
1.9000000000000001,14.747873772274756
2.0,14.69
2.1,14.63180919834289
2.2,14.573353645388273
2.3000000000000003,14.514672041820072
2.4000000000000004,14.455803088322206
2.5,14.396785485578594
2.6,14.337657934273153
2.7,14.278459135089808
2.8000000000000003,14.21922778871247
2.9000000000000004,14.160002595825066
3.0,14.100822257111512
3.1,14.041725473255726
3.2,13.98275094494163
3.3000000000000003,13.923937372853144
3.4000000000000004,13.865323457674185
3.5,13.806947900088673
3.6,13.748849400780529
3.7,13.691066660433668
3.8000000000000003,13.633638379732012
3.9000000000000004,13.576603259359485
4.0,13.52
4.1000000000000005,13.463861274252631
4.2,13.408195642377052
4.3,13.353005636548101
4.4,13.298293788940603
4.5,13.244062631729392
4.6000000000000005,13.190314697089292
4.7,13.13705251719514
4.800000000000001,13.084278624221765
4.9,13.031995550343995
5.0,12.980205827736661
5.1000000000000005,12.928911988574592
5.2,12.878116565032624
5.300000000000001,12.827822089285581
5.4,12.778031093508295
5.5,12.728746109875598
5.6000000000000005,12.679969670562322
5.7,12.631704307743291
5.800000000000001,12.58395255359334
5.9,12.5367169402873
6.0,12.49
6.1000000000000005,12.443795704646591
6.2,12.398063785103512
6.300000000000001,12.352755411987522
6.4,12.307821755915377
6.5,12.263213987503843
6.6000000000000005,12.218883277369672
6.7,12.174780796129628
6.800000000000001,12.130857714400468
6.9,12.087065202798957
7.0,12.043354431941848
7.1000000000000005,11.9996765724459
7.2,11.955982794927877
7.300000000000001,11.91222427000453
7.4,11.868352168292631
7.5,11.82431766040893
7.6000000000000005,11.780071916970186
7.7,11.735566108593165
7.800000000000001,11.690751405894618
7.9,11.645578979491312
8.0,11.6
8.1,11.553968407161006
8.200000000000001,11.507449217208903
8.3,11.460410215501817
8.4,11.412819187397888
8.5,11.364643918255243
8.6,11.315852193432018
8.700000000000001,11.266411798286343
8.8,11.21629051817635
8.9,11.16545613846018
9.0,11.113876444495952
9.1,11.061519221641806
9.200000000000001,11.008352255255874
9.3,10.954343330696288
9.4,10.89946023332118
9.5,10.843670748488682
9.600000000000001,10.786942661556928
9.700000000000001,10.729243757884051
9.8,10.670541822828183
9.9,10.610804641747455
10.0,10.55
10.100000000000001,10.48810566670938
10.200000000000001,10.42513934606088
10.3,10.361128726005205
10.4,10.296101494493069
10.5,10.230085339475183
10.600000000000001,10.163107948902253
10.700000000000001,10.095197010724995
10.8,10.026380212894118
10.9,9.956685243360333
11.0,9.88613979007435
11.100000000000001,9.81477154098688
11.200000000000001,9.742608184048633
11.3,9.66967740721032
11.4,9.596006898422655
11.5,9.521624345636345
11.600000000000001,9.446557436802099
11.700000000000001,9.370833859870631
11.8,9.294481302792652
11.9,9.217527453518873
12.0,9.14
12.100000000000001,9.061930176001466
12.200000000000001,8.98336339854758
12.3,8.904348630477362
12.4,8.824934834629838
12.5,8.745170973844033
12.600000000000001,8.665106010958969
12.700000000000001,8.584788908813676
12.8,8.504268630247175
12.9,8.423594138098492
13.0,8.342814395206652
13.100000000000001,8.261978364410675
13.200000000000001,8.181135008549592
13.3,8.100333290462428
13.4,8.019622172988203
13.5,7.939050618965945
13.600000000000001,7.858667591234676
13.700000000000001,7.778522052633423
13.8,7.698662966001209
13.9,7.61913929417706
14.0,7.54
14.100000000000001,7.461287379284747
14.200000000000001,7.383017059748801
14.3,7.305198002085349
14.4,7.227839166987582
14.5,7.150949515148691
14.600000000000001,7.074538007261866
14.700000000000001,6.998613604020299
14.8,6.923185266117179
14.9,6.848261954245698
15.0,6.7738526290990455
15.100000000000001,6.699966251370411
15.200000000000001,6.626611781752986
15.3,6.553798180939961
15.4,6.481534409624529
15.5,6.409829428499877
15.600000000000001,6.338692198259196
15.700000000000001,6.268131679595676
15.8,6.198156833202511
15.9,6.128776619772888
16.0,6.06
16.1,5.991829056859538
16.2,5.924238362457215
16.3,5.857195611181242
16.400000000000002,5.790668497419832
16.5,5.724624715561202
16.6,5.659031959993561
16.7,5.593857925105124
16.8,5.529070305284102
16.900000000000002,5.464636794918712
17.0,5.400525088397166
17.1,5.336702880107675
17.2,5.273137864438456
17.3,5.209797735777718
17.400000000000002,5.146650188513676
17.5,5.083662917034547
17.6,5.020803615728537
17.7,4.958039978983867
17.8,4.895339701188744
17.900000000000002,4.832670476731383
18.0,4.77
18.1,4.707300143277094
18.2,4.644559490422337
18.3,4.581770803189679
18.400000000000002,4.518926843333079
18.5,4.456020372606498
18.6,4.393044152763886
18.7,4.329990945559205
18.8,4.266853512746404
18.900000000000002,4.203624616079446
19.0,4.140297017312288
19.1,4.076863478198882
19.200000000000003,4.013316760493186
19.3,3.9496496259491605
19.400000000000002,3.885854836320756
19.5,3.821925153361934
19.6,3.7578533388266466
19.700000000000003,3.693632154468852
19.8,3.6292543620425106
19.900000000000002,3.5647127233015725
20.0,3.5
20.1,3.435112870032078
20.200000000000003,3.3700636758534364
20.3,3.3048686760600385
20.400000000000002,3.2395441292478395
20.5,3.1741062940128044
20.6,3.10857142895089
20.700000000000003,3.0429557926580593
20.8,2.9772756437302754
20.900000000000002,2.9115472407634946
21.0,2.845786842353681
21.1,2.780010707096791
21.200000000000003,2.714235093588789
21.3,2.648476260425637
21.400000000000002,2.5827504662032914
21.5,2.5170739695177167
21.6,2.4514630289648704
21.700000000000003,2.385933903140714
21.8,2.320502850641211
21.900000000000002,2.255186130062318
22.0,2.19
22.1,2.1249608765945864
22.200000000000003,2.060085806163907
22.3,1.9953919925701644
22.400000000000002,1.9308966396755551
22.5,1.8666169513422843
22.6,1.802570131432548
22.700000000000003,1.7387733838085488
22.8,1.6752439123324907
22.900000000000002,1.6119989208665688
23.0,1.549055613272989
23.1,1.4864311934139467
23.200000000000003,1.4241428651516455
23.3,1.3622078323482882
23.400000000000002,1.300643298866071
23.5,1.2394664685671988
23.6,1.178694545313868
23.700000000000003,1.1183447329682819
23.8,1.0584342353926426
23.900000000000002,0.998980256449147
24.0,0.94
24.1,0.8815048735895705
24.200000000000003,0.8234830994909246
24.3,0.765917103659301
24.400000000000002,0.708789312049932
24.5,0.6520821506180585
24.6,0.5957780453189128
24.700000000000003,0.5398594221077335
24.8,0.48430870693975925
24.900000000000002,0.4291083257702227
25.0,0.37424070455436415
25.1,0.31968826924741645
25.200000000000003,0.2654334458046179
25.3,0.21145866018120732
25.400000000000002,0.15774633833241702
25.5,0.1042789062134877
25.6,0.05103878977965209
25.700000000000003,-0.0019915850138513946
25.8,-0.05482979221178441
25.900000000000002,-0.10749340585891395
26.0,-0.16
26.1,-0.21236662095287334
26.200000000000003,-0.2646082041276152
26.3,-0.31673915720737084
26.400000000000002,-0.3687738878752907
26.5,-0.42072680381451816
26.6,-0.4726123127082038
26.700000000000003,-0.5244448222394927
26.8,-0.5762387400915301
26.900000000000002,-0.6280084739474665
27.0,-0.6797684314904453
27.1,-0.7315330204036169
27.200000000000003,-0.7833166483701266
27.3,-0.8351337230731195
27.400000000000002,-0.8869986521957461
27.5,-0.9389258434211498
27.6,-0.9909297044324811
27.700000000000003,-1.043024642912885
27.8,-1.0952250665455072
27.900000000000002,-1.1475453830134978
28.0,-1.2
28.1,-1.2525996397780819
28.200000000000003,-1.3053402829804726
28.3,-1.3582142248298201
28.400000000000002,-1.411213760548776
28.5,-1.4643311853599859
28.6,-1.5175587944861022
28.700000000000003,-1.5708888831497716
28.8,-1.624313746573641
28.900000000000002,-1.6778256799803635
29.0,-1.7314169785925833
29.1,-1.7850799376329534
29.200000000000003,-1.8388068523241206
29.3,-1.8925900178887318
29.400000000000002,-1.9464217295494397
29.5,-2.000294282528889
29.6,-2.0541999720497324
29.700000000000003,-2.108131093334617
29.8,-2.1620799416061893
29.900000000000002,-2.2160388120871017
30.0,-2.27
30.1,-2.3239560699348045
30.200000000000003,-2.377900663950503
30.3,-2.4318276934733514
30.400000000000002,-2.485731069929612
30.5,-2.5396047047455377
30.6,-2.5934425093473923
30.700000000000003,-2.64723839516143
30.8,-2.7009862736139074
30.900000000000002,-2.754680056131087
31.0,-2.808313654139222
31.1,-2.8618809790645745
31.200000000000003,-2.9153759423334002
31.3,-2.968792455371956
31.400000000000002,-3.0221244296065026
31.5,-3.075365776463295
31.6,-3.1285104073685943
31.700000000000003,-3.1815522337486573
31.8,-3.234485167029739
31.900000000000002,-3.2873031186381017
32.0,-3.34
32.1,-3.392568580482705
32.2,-3.444997061217525
32.300000000000004,-3.4972725012767785
32.4,-3.5493819597327816
32.5,-3.601312495657862
32.6,-3.6530511681243336
32.7,-3.7045850362045174
32.800000000000004,-3.7559011589707323
32.9,-3.8069865954952937
33.0,-3.857828404850529
33.1,-3.9084136461087535
33.2,-3.9587293783422868
33.300000000000004,-4.008762660623449
33.4,-4.0585005520245545
33.5,-4.107930111617931
33.6,-4.157038398475895
33.7,-4.2058124716707646
33.800000000000004,-4.254239390274859
33.9,-4.302306213360496
34.0,-4.35
34.1,-4.397312108134378
34.2,-4.444251091179405
34.300000000000004,-4.490829801419545
34.4,-4.537061091139257
34.5,-4.582957812623014
34.6,-4.628532818155277
34.7,-4.673798960020508
34.800000000000004,-4.718769090503175
34.9,-4.763456061887735
35.0,-4.807872726458662
35.1,-4.852031936500413
35.2,-4.895946544297458
35.300000000000004,-4.939629402134258
35.4,-4.983093362295273
35.5,-5.026351277064978
35.6,-5.0694159987278296
35.7,-5.112300379568293
35.800000000000004,-5.155017271870834
35.9,-5.197579527919913
36.0,-5.24
36.1,-5.282290486979784
36.2,-5.324458574064861
36.300000000000004,-5.3665107930450535
36.4,-5.4084536757101835
36.5,-5.45029375385008
36.6,-5.492037559254564
36.7,-5.533691623713456
36.800000000000004,-5.575262479016583
36.9,-5.616756656953763
37.0,-5.658180689314825
37.1,-5.699541107889592
37.2,-5.740844444467886
37.300000000000004,-5.782097230839529
37.4,-5.823305998794344
37.5,-5.864477280122159
37.6,-5.905617606612792
37.7,-5.946733510056072
37.800000000000004,-5.987831522241818
37.9,-6.028918174959851
38.0,-6.07
38.1,-6.111082193946491
38.2,-6.152164612561161
38.300000000000004,-6.193245776400252
38.400000000000006,-6.234324206020006
38.5,-6.275398421976664
38.6,-6.316466944826475
38.7,-6.357528295125674
38.800000000000004,-6.3985809934305085
38.900000000000006,-6.439623560297215
39.0,-6.480654516282037
39.1,-6.521672381941221
39.2,-6.562675677831006
39.300000000000004,-6.603662924507635
39.400000000000006,-6.644632642527349
39.5,-6.685583352446389
39.6,-6.726513574821003
39.7,-6.767421830207429
39.800000000000004,-6.808306639161909
39.900000000000006,-6.849166522240686
40.0,-6.89
40.1,-6.9308044872342585
40.2,-6.971572975690505
40.300000000000004,-7.012297351353951
40.400000000000006,-7.052969500209801
40.5,-7.093581308243258
40.6,-7.134124661439541
40.7,-7.174591445783851
40.800000000000004,-7.214973547261398
40.900000000000006,-7.255262851857388
41.0,-7.295451245557027
41.1,-7.335530614345528
41.2,-7.375492844208097
41.300000000000004,-7.415329821129941
41.400000000000006,-7.4550334310962665
41.5,-7.494595560092282
41.6,-7.534008094103197
41.7,-7.57326291911422
41.800000000000004,-7.612351921110557
41.900000000000006,-7.651266986077415
42.0,-7.69
42.1,-7.7285448571164785
42.2,-7.766903484676822
42.300000000000004,-7.805079818183956
42.400000000000006,-7.843077793140808
42.5,-7.880901345050299
42.6,-7.918554409415365
42.7,-7.956040921738927
42.800000000000004,-7.993364817523912
42.900000000000006,-8.030530032273248
43.0,-8.067540501489855
43.1,-8.10440016067667
43.2,-8.141112945336614
43.300000000000004,-8.177682790972614
43.400000000000006,-8.214113633087596
43.5,-8.250409407184485
43.6,-8.28657404876621
43.7,-8.3226114933357
43.800000000000004,-8.358525676395875
43.900000000000006,-8.394320533449667
44.0,-8.43
44.1,-8.465567334299829
44.2,-8.50102308560221
44.300000000000004,-8.536367125910234
44.400000000000006,-8.571599327226984
44.5,-8.606719561555542
44.6,-8.641727700899002
44.7,-8.676623617260448
44.800000000000004,-8.711407182642963
44.900000000000006,-8.746078269049637
45.0,-8.78063674848355
45.1,-8.815082492947795
45.2,-8.849415374445455
45.300000000000004,-8.883635264979615
45.400000000000006,-8.917742036553364
45.5,-8.951735561169782
45.6,-8.985615710831961
45.7,-9.019382357542987
45.800000000000004,-9.053035373305946
45.900000000000006,-9.086574630123923
46.0,-9.12
46.1,-9.153312055684209
46.2,-9.186514172914338
46.300000000000004,-9.219610428175116
46.400000000000006,-9.252604897951269
46.5,-9.285501658727528
46.6,-9.318304786988623
46.7,-9.351018359219283
46.800000000000004,-9.383646451904237
46.900000000000006,-9.416193141528217
47.0,-9.44866250457594
47.1,-9.481058617532154
47.2,-9.513385556881573
47.300000000000004,-9.545647399108933
47.400000000000006,-9.57784822069896
47.5,-9.609992098136386
47.6,-9.642083107905938
47.7,-9.674125326492348
47.800000000000004,-9.706122830380343
47.900000000000006,-9.738079696054651
48.0,-9.77
48.1,-9.801885692963335
48.2,-9.83373022274044
48.300000000000004,-9.865524911389311
48.400000000000006,-9.897261080967949
48.5,-9.928930053534346
48.6,-9.960523151146505
48.7,-9.992031695862421
48.800000000000004,-10.02344700974009
48.900000000000006,-10.054760414837512
49.0,-10.08596323321268
49.1,-10.117046786923595
49.2,-10.148002398028256
49.300000000000004,-10.178821388584659
49.400000000000006,-10.209495080650798
49.5,-10.240014796284672
49.6,-10.27037185754428
49.7,-10.300557586487622
49.800000000000004,-10.330563305172692
49.900000000000006,-10.360380335657485
50.0,-10.39
50.1,-10.419413922462452
50.2,-10.448614936123905
50.300000000000004,-10.47759617626764
50.400000000000006,-10.506350778176941
50.5,-10.534871877135087
50.6,-10.563152608425359
50.7,-10.591186107331039
50.800000000000004,-10.61896550913541
50.900000000000006,-10.64648394912175
51.0,-10.67373456257334
51.1,-10.700710484773468
51.2,-10.727404851005407
51.300000000000004,-10.753810796552443
51.400000000000006,-10.779921456697856
51.5,-10.805729966724927
51.6,-10.831229461916937
51.7,-10.85641307755717
51.800000000000004,-10.881273948928904
51.900000000000006,-10.90580521131542
52.0,-10.93
52.1,-10.953843617186859
52.2,-10.977290032763944
52.300000000000004,-11.00028538354013
52.400000000000006,-11.022775806324294
52.5,-11.044707437925311
52.6,-11.066026415152063
52.7,-11.086678874813424
52.800000000000004,-11.10661095371828
52.900000000000006,-11.125768788675497
53.0,-11.144098516493957
53.1,-11.161546273982538
53.2,-11.178058197950119
53.300000000000004,-11.193580425205575
53.400000000000006,-11.208059092557786
53.5,-11.221440336815624
53.6,-11.233670294787974
53.7,-11.244695103283705
53.800000000000004,-11.254460899111704
53.900000000000006,-11.262913819080843
54.0,-11.27
54.1,-11.275666608790107
54.2,-11.27986493282032
54.300000000000004,-11.282547289571847
54.400000000000006,-11.283665996525894
54.5,-11.283173371163672
54.6,-11.281021730966389
54.7,-11.277163393415256
54.800000000000004,-11.27155067599148
54.900000000000006,-11.264135896176269
55.0,-11.254871371450832
55.1,-11.24370941929638
55.2,-11.230602357194119
55.300000000000004,-11.215502502625258
55.400000000000006,-11.198362173071008
55.5,-11.179133686012579
55.6,-11.157769358931173
55.7,-11.134221509308004
55.800000000000004,-11.10844245462428
55.900000000000006,-11.080384512361208
56.0,-11.05
56.1,-11.01724994765271
56.2,-10.982130235954775
56.300000000000004,-10.944645458172488
56.400000000000006,-10.904800207572134
56.5,-10.862599077420004
56.6,-10.818046660982377
56.7,-10.771147551525546
56.800000000000004,-10.721906342315801
56.900000000000006,-10.670327626619427
57.0,-10.616415997702713
57.1,-10.56017604883194
57.2,-10.501612373273403
57.300000000000004,-10.440729564293385
57.400000000000006,-10.377532215158178
57.5,-10.312024919134066
57.6,-10.244212269487335
57.7,-10.174098859484275
57.800000000000004,-10.101689282391172
57.900000000000006,-10.026988131474317
58.0,-9.95
58.1,-9.870732350599058
58.2,-9.789204123360573
58.300000000000004,-9.705437127738195
58.400000000000006,-9.619453173185562
58.5,-9.531274069156316
58.6,-9.440921625104098
58.7,-9.348417650482544
58.800000000000004,-9.2537839547453
58.900000000000006,-9.157042347346009
59.0,-9.058214637738317
59.1,-8.95732263537585
59.2,-8.854388149712259
59.300000000000004,-8.749432990201182
59.400000000000006,-8.642478966296265
59.5,-8.533547887451155
59.6,-8.422661563119478
59.7,-8.309841802754878
59.800000000000004,-8.195110415811005
59.900000000000006,-8.078489211741497
60.0,-7.96
60.1,-7.8396693999510605
60.2,-7.717543270602914
60.300000000000004,-7.59367228087471
60.400000000000006,-7.468107099685593
60.5,-7.3408983959547225
60.6,-7.212096838601226
60.7,-7.08175309654426
60.800000000000004,-6.949917838702971
60.900000000000006,-6.816641733996507
61.0,-6.681975451344025
61.1,-6.545969659664652
61.2,-6.408675027877548
61.300000000000004,-6.270142224901855
61.400000000000006,-6.130421919656726
61.5,-5.989564781061314
61.6,-5.847621478034748
61.7,-5.704642679496185
61.800000000000004,-5.5606790543647735
61.900000000000006,-5.415781271559658
62.0,-5.27
62.1,-5.123383799596692
62.2,-4.975972794227747
62.300000000000004,-4.827804998762933
62.400000000000006,-4.678918428072021
62.5,-4.529351097024789
62.6,-4.379141020490986
62.7,-4.228326213340395
62.800000000000004,-4.076944690442783
62.900000000000006,-3.925034466667919
63.0,-3.772633556885585
63.1,-3.6197799759655287
63.2,-3.4665117387775304
63.300000000000004,-3.312866860191359
63.400000000000006,-3.158883355076785
63.5,-3.0045992383035887
63.6,-2.8500525247415176
63.7,-2.695281229260353
63.800000000000004,-2.540323366729863
63.900000000000006,-2.3852169520198188
64.0,-2.23
64.10000000000001,-2.074707901662144
64.2,-1.9193655524860695
64.3,-1.7639952240735277
64.4,-1.6086191880262708
64.5,-1.453259715946118
64.60000000000001,-1.2979390794347987
64.7,-1.1426795500941316
64.8,-0.987503399525869
64.9,-0.8324328993317631
65.0,-0.6774903211136322
65.10000000000001,-0.5226979364732068
65.2,-0.36807801701230486
65.3,-0.21365283433267915
65.4,-0.059444660036081634
65.5,0.09452423427566972
65.60000000000001,0.24823157700084375
65.7,0.40165509653762266
65.8,0.5547725212842546
65.9,0.7075615796389861
66.0,0.86
66.10000000000001,1.0120654062453385
66.2,1.163735004172052
66.3,1.3149858950570288
66.4,1.4657951801771572
66.5,1.616139960809261
66.60000000000001,1.7659973382302496
66.7,1.9153444137169473
66.8,2.0641582885462433
66.9,2.212416063995023
67.0,2.3600948413401133
67.10000000000001,2.5071717218584224
67.2,2.6536238068267752
67.3,2.7994281975220594
67.4,2.944561995221162
67.5,3.089002301200909
67.60000000000001,3.2327262167382087
67.7,3.3757108431098866
67.8,3.5179332815928297
67.9,3.6593706334639258
68.0,3.8
68.10000000000001,3.9398037766808667
68.2,4.078785535797886
68.3,4.2169541438453875
68.4,4.354318467317693
68.5,4.490887372709074
68.60000000000001,4.626669726513875
68.7,4.761674395226367
68.8,4.895910245340872
68.9,5.0293861433517195
69.0,5.162110955753176
69.10000000000001,5.29409354903959
69.2,5.425342789705227
69.3,5.555867544244416
69.4,5.68567667915148
69.5,5.814779060920692
69.60000000000001,5.943183556046392
69.7,6.070899031022854
69.8,6.197934352344402
69.9,6.324298386505359
70.0,6.45
70.10000000000001,6.5750482370312655
70.2,6.6994528526364245
70.3,6.823223779561402
70.4,6.946370950552117
70.5,7.0689042983544415
70.60000000000001,7.1908337557143165
70.7,7.31216925537761
70.8,7.432920730090245
70.9,7.553098112598145
71.0,7.672711335647177
71.10000000000001,7.791770331983285
71.2,7.910285034352336
71.3,8.028265375500254
71.4,8.145721288172961
71.5,8.262662705116325
71.60000000000001,8.37909955907629
71.7,8.49504178279872
71.8,8.610499309029544
71.9,8.725482070514682
72.0,8.84
72.10000000000001,8.954062025194135
72.2,9.067673053656438
72.3,9.18083698790899
72.4,9.293557730473882
72.5,9.405839183873159
72.60000000000001,9.517685250628924
72.7,9.629099833263215
72.8,9.740086834298127
72.9,9.850650156255744
73.0,9.960793701658114
73.10000000000001,10.070521373027333
73.2,10.179837072885448
73.3,10.288744703754547
73.4,10.39724816815672
73.5,10.505351368614008
73.60000000000001,10.613058207648514
73.7,10.720372587782283
73.8,10.827298411537404
73.9,10.93383958143596
74.0,11.04
74.10000000000001,11.145779912192245
74.2,11.251164932737847
74.3,11.356137018802624
74.4,11.46067812755239
74.5,11.564770216152922
74.60000000000001,11.66839524177005
74.7,11.771535161569545
74.8,11.874171932717228
74.9,11.97628751237891
75.0,12.07786385772037
75.10000000000001,12.17888292590744
75.2,12.279326674105887
75.3,12.379177059481531
75.4,12.47841603920019
75.5,12.577025570427635
75.60000000000001,12.674987610329701
75.7,12.772284116072155
75.8,12.868897044820821
75.9,12.964808353741512
76.0,13.06
76.10000000000001,13.154455826036937
76.2,13.248167215392193
76.3,13.341127436880504
76.4,13.433329759316592
76.5,13.524767451515155
76.60000000000001,13.615433782290934
76.7,13.705322020458622
76.80000000000001,13.794425434832961
76.9,13.882737294228644
77.0,13.9702508674604
77.10000000000001,14.056959423342963
77.2,14.142856230691024
77.30000000000001,14.22793455831932
77.4,14.312187675042553
77.5,14.395608849675448
77.60000000000001,14.478191351032734
77.7,14.559928447929108
77.80000000000001,14.640813409179307
77.9,14.720839503598029
78.0,14.8
78.10000000000001,14.878289283660054
78.2,14.955706205693394
78.30000000000001,15.032250733675365
78.4,15.107922835181276
78.5,15.182722477786465
78.60000000000001,15.256649629066265
78.7,15.32970425659599
78.80000000000001,15.40188632795098
78.9,15.473195810706548
79.0,15.543632672438026
79.10000000000001,15.613196880720755
79.2,15.68188840313004
79.30000000000001,15.749707207241228
79.4,15.816653260629627
79.5,15.882726530870576
79.60000000000001,15.947926985539407
79.7,16.012254592211434
79.80000000000001,16.075709318461996
79.9,16.138291131866406
80.0,16.2
80.10000000000001,16.26083828932289
80.2,16.320817961834248
80.30000000000001,16.37995337841808
80.4,16.438258899958335
80.5,16.495748887338994
80.60000000000001,16.552437701444042
80.7,16.608339703157434
80.80000000000001,16.663469253363168
80.9,16.717840712945193
81.0,16.771468442787494
81.10000000000001,16.82436680377405
81.2,16.87655015678883
81.30000000000001,16.92803286271581
81.4,16.97882928243896
81.5,17.02895377684225
81.60000000000001,17.078420706809666
81.7,17.127244433225172
81.80000000000001,17.175439316972753
81.9,17.223019718936367
82.0,17.27
82.10000000000001,17.31639005904843
82.2,17.362181946969613
82.30000000000001,17.407363252652356
82.4,17.45192156498541
82.5,17.495844472857563
82.60000000000001,17.53911956515759
82.7,17.58173443077427
82.80000000000001,17.623676658596384
82.9,17.664933837512695
83.0,17.70549355641199
83.10000000000001,17.745343404183057
83.2,17.78447096971465
83.30000000000001,17.82286384189556
83.4,17.860509609614564
83.5,17.89739586176043
83.60000000000001,17.93351018722195
83.7,17.968840174887884
83.80000000000001,18.003373413647026
83.9,18.037097492388135
84.0,18.07
84.10000000000001,18.102067724483422
84.2,18.13328425028729
84.30000000000001,18.163632360972528
84.4,18.19309484010005
84.5,18.221654471230764
84.60000000000001,18.249294037925612
84.7,18.27599632374549
84.80000000000001,18.301744112251328
84.9,18.326520187004032
85.0,18.35030733156453
85.10000000000001,18.373088329493743
85.2,18.39484596435258
85.30000000000001,18.415563019701963
85.4,18.435222279102806
85.5,18.453806526116033
85.60000000000001,18.471298544302556
85.7,18.4876811172233
85.80000000000001,18.502937028439174
85.9,18.517049061511102
86.0,18.53
86.10000000000001,18.541776543017896
86.2,18.552381051881223
86.30000000000001,18.56181980345755
86.4,18.570099074614415
86.5,18.577225142219376
86.60000000000001,18.58320428313998
86.7,18.58804277424378
86.80000000000001,18.591746892398337
86.9,18.594322914471185
87.0,18.595777117329884
87.10000000000001,18.596115777841984
87.2,18.595345172875042
87.30000000000001,18.593471579296605
87.4,18.590501273974223
87.5,18.586440533775445
87.60000000000001,18.581295635567834
87.7,18.57507285621893
87.80000000000001,18.567778472596288
87.9,18.559418761567464
88.0,18.55
88.10000000000001,18.53953110344501
88.2,18.52803154218781
88.30000000000001,18.51552342519728
88.4,18.502028861442295
88.5,18.487569959891736
88.60000000000001,18.472168829514477
88.7,18.455847579279386
88.80000000000001,18.43862831815535
88.9,18.420533155111244
89.0,18.401584199115945
89.10000000000001,18.381803559138323
89.2,18.36121334414726
89.30000000000001,18.33983566311163
89.4,18.31769262500031
89.5,18.29480633878218
89.60000000000001,18.271198913426108
89.7,18.24689245790098
89.80000000000001,18.221909081175667
89.9,18.19627089221905
90.0,18.17
90.10000000000001,18.143119043202073
90.2,18.115652779367533
90.30000000000001,18.08762649575333
90.4,18.059065479616397
90.5,18.02999501821368
90.60000000000001,18.000440398802123
90.7,17.97042690863867
90.80000000000001,17.939979834980257
90.9,17.90912446508384
91.0,17.87788608620635
91.10000000000001,17.846289985604727
91.2,17.814361450535927
91.30000000000001,17.78212576825688
91.4,17.749608226024534
91.5,17.716834111095842
91.60000000000001,17.683828710727724
91.7,17.650617312177143
91.80000000000001,17.617225202701032
91.9,17.583677669556337
92.0,17.55
92.10000000000001,17.516216473746695
92.2,17.48234734034205
92.30000000000001,17.448411841789397
92.4,17.414429220092114
92.5,17.380418717253544
92.60000000000001,17.346399575277026
92.7,17.312391036165934
92.80000000000001,17.278412341923605
92.9,17.244482734553397
93.0,17.210621456058668
93.10000000000001,17.17684774844276
93.2,17.143180853709037
93.30000000000001,17.109640013860837
93.4,17.076244470901532
93.5,17.043013466834463
93.60000000000001,17.009966243662976
93.7,16.977122043390438
93.80000000000001,16.944500108020193
93.9,16.912119679555595
94.0,16.88
94.10000000000001,16.848157561811135
94.2,16.81659785926427
94.30000000000001,16.785323637089054
94.4,16.754337640015137
94.5,16.723642612772153
94.60000000000001,16.693241300089753
94.7,16.663136446697596
94.80000000000001,16.633330797325314
94.9,16.603827096702556
95.0,16.574628089558978
95.10000000000001,16.54573652062421
95.2,16.51715513462792
95.30000000000001,16.48888667629974
95.4,16.46093389036932
95.5,16.43329952156631
95.60000000000001,16.40598631462035
95.7,16.3789970142611
95.80000000000001,16.352334365218184
95.9,16.32600111222127
96.0,16.3
96.10000000000001,16.27433952900875
96.2,16.249051222600848
96.30000000000001,16.224172359854357
96.4,16.199740219847335
96.5,16.175792081657843
96.60000000000001,16.152365224363933
96.7,16.129496927043682
96.80000000000001,16.107224468775136
96.9,16.085585128636367
97.0,16.064616185705425
97.10000000000001,16.04435491906038
97.2,16.024838607779277
97.30000000000001,16.006104530940192
97.4,15.988189967621178
97.5,15.971132196900298
97.60000000000001,15.95496849785561
97.7,15.939736149565176
97.80000000000001,15.925472431107055
97.9,15.912214621559311
98.0,15.9
98.10000000000001,15.888828072153858
98.2,15.878547250332325
98.30000000000001,15.86896817349351
98.4,15.859901480595525
98.5,15.851157810596483
98.60000000000001,15.842547802454492
98.7,15.83388209512767
98.80000000000001,15.824971327574126
98.9,15.815626138751972
99.0,15.80565716761932
99.10000000000001,15.79487505313428
99.2,15.783090434254968
99.30000000000001,15.770113949939491
99.4,15.755756239145963
99.5,15.739827940832498
99.60000000000001,15.722139693957205
99.7,15.702502137478195
99.80000000000001,15.680725910353582
99.9,15.65662165154148
100.0,15.629999999999999
